item_id,item_name,total_revenue,revenue_pct,cumulative_revenue_pct
9195292,Google Canteen Bottle Black,4930.0,1.61,1.61
9195140,Google Utility BackPack,4752.0,1.55,3.16
9195130,Google Zip Hoodie F/C,4020.0,1.31,4.47
9194259,Google Campus Bike,3840.0,1.25,5.72
9197759,Google Incognito Techpack V2,3563.0,1.16,6.88
9199130,Super G Unisex Joggers,3072.0,1.0,7.88
9196652,Google Heathered Pom Beanie,2832.0,0.92,8.81
9195032,Google Camp Mug Ivory,2756.0,0.9,9.7
9184916,Google Crewneck Sweatshirt Navy,2618.0,0.85,10.56
9196606,Google Badge Heavyweight Pullover Black,2528.0,0.82,11.38
9184915,Google Crewneck Sweatshirt Navy,2508.0,0.82,12.2
9195841,Google Perk Thermal Tumbler,2496.0,0.81,13.01
9196717,Google Men's Tech Fleece Vest Charcoal,2459.0,0.8,13.82
9196765,Google Men's Tech Fleece Grey,2398.0,0.78,14.6
9199220,Google Land & Sea Cotton Cap,2253.0,0.73,15.33
9196605,Google Badge Heavyweight Pullover Black,2159.0,0.7,16.04
9190330,Google Crew Socks,2113.0,0.69,16.72
9184913,Google Crewneck Sweatshirt Navy,2112.0,0.69,17.41
9196653,Google Speckled Beanie Navy,2100.0,0.68,18.1
9188227,Google Flat Front Bag Grey,2076.0,0.68,18.77
9196759,Google Women's Puff Jacket Black,2047.0,0.67,19.44
9199131,Super G Unisex Joggers,1918.0,0.63,20.07
9195709,Google Leather Strap Hat Blue,1794.0,0.58,20.65
9195031,Google Thermal Tumbler Navy,1779.0,0.58,21.23
9195830,Google Glass Bottle,1773.0,0.58,21.81
9196753,Google Men's Puff Jacket Black,1771.0,0.58,22.39
9196849,Android Iconic Crewneck Sweatshirt,1760.0,0.57,22.96
9196637,Google Red Speckled Tee,1722.0,0.56,23.52
9180865,Google Metallic Notebook Set,1702.0,0.55,24.08
9195127,Google Zip Hoodie F/C,1692.0,0.55,24.63
9196727,Google Woodtop Bottle Black,1668.0,0.54,25.17
9195359,Noogler Android Figure,1656.0,0.54,25.71
9195131,Google Zip Hoodie F/C,1644.0,0.54,26.25
9195949,Google Crew Combed Cotton Sock,1632.0,0.53,26.78
9196615,Google Crewneck Sweatshirt Green,1628.0,0.53,27.31
9196767,Google Men's Tech Fleece Grey,1580.0,0.52,27.83
9196629,Google Navy Speckled Tee,1506.0,0.49,28.32
9196616,Google Crewneck Sweatshirt Green,1496.0,0.49,28.81
9196766,Google Men's Tech Fleece Grey,1492.0,0.49,29.29
9195971,Google Chrome Dinosaur Collectible,1488.0,0.49,29.78
9185158,Google Crewneck Sweatshirt Grey,1485.0,0.48,30.26
9196604,Google Badge Heavyweight Pullover Black,1476.0,0.48,30.74
9195964,Google Seaport Tote,1464.0,0.48,31.22
9196875,Google KeepCup,1442.0,0.47,31.69
9197718,Google Incognito Zip Pack,1418.0,0.46,32.15
9196676,Google Speckled Beanie Grey,1412.0,0.46,32.61
9199129,Super G Unisex Joggers,1409.0,0.46,33.07
9184914,Google Crewneck Sweatshirt Navy,1408.0,0.46,33.53
9195129,Google Zip Hoodie F/C,1404.0,0.46,33.99
9196275,Google Soft Modal Scarf,1386.0,0.45,34.89
9196764,Google Men's Tech Fleece Grey,1386.0,0.45,34.44
9200320,Google Black Cloud Zip Hoodie,1363.0,0.44,35.34
9188208,Google Packable Bag Black,1348.0,0.44,35.78
9200314,Google Camp Mug Gray,1340.0,0.44,36.21
9200321,Google Black Cloud Zip Hoodie,1336.0,0.44,36.65
9196755,Google Men's Puff Jacket Black,1334.0,0.43,37.08
9196850,Android Iconic Crewneck Sweatshirt,1320.0,0.43,37.52
9196636,Google Red Speckled Tee,1314.0,0.43,37.94
9196863,Google Hemp Tote,1236.0,0.4,38.35
9196664,Google Sherpa Zip Hoodie Charcoal,1225.0,0.4,38.75
9196758,Google Women's Puff Jacket Black,1219.0,0.4,39.14
9195959,Google Large Tote White,1185.0,0.39,39.53
9196966,Google NYC Campus Zip Hoodie,1179.0,0.38,39.91
9196614,Google Crewneck Sweatshirt Green,1177.0,0.38,40.3
9185002,Google Large Standard Journal Grey,1159.0,0.38,40.68
9196663,Google Sherpa Zip Hoodie Charcoal,1155.0,0.38,41.05
9197456,Google Super G Tumbler (Red Lid),1151.0,0.38,41.43
9196617,Google Crewneck Sweatshirt Green,1133.0,0.37,41.8
9188203,Google Clear Pen 4-Pack,1125.0,0.37,42.16
9196628,Google Navy Speckled Tee,1122.0,0.37,42.53
9188192,YouTube Twill Sandwich Cap Black,1113.0,0.36,42.89
9196848,Android Iconic Crewneck Sweatshirt,1111.0,0.36,43.25
9196661,Google Sherpa Zip Hoodie Charcoal,1101.0,0.36,43.61
9196738,Google Cork Base Tumbler,1098.0,0.36,43.97
9199224,Google Land & Sea Nalgene Water Bottle,1095.0,0.36,44.33
9196602,Google Badge Heavyweight Pullover Black,1083.0,0.35,44.68
9200710,Google Knit Blanket,1069.0,0.35,45.03
9195948,Google Crew Striped Athletic Sock,1067.0,0.35,45.38
9199127,Google Blue Stojo Cup,1045.0,0.34,45.72
9180819,Google Laptop and Cell Phone Stickers,1011.0,0.33,46.05
9196733,Google Cotopaxi Shell,1008.0,0.33,46.38
9195741,Google Dino Game Tee,968.0,0.32,46.69
9196862,Google Black Cork Journal,961.0,0.31,47.01
9200199,Google Bear Baby Blanket Beige,951.0,0.31,47.32
9196648,Google Sherpa Zip Hoodie Navy,950.0,0.31,47.63
9196742,Google Men's Softshell Moss,949.0,0.31,47.94
9196613,Google Crewneck Sweatshirt Green,935.0,0.3,48.24
9197720,Google Incognito Dopp Kit V2,927.0,0.3,48.54
9184917,Google Crewneck Sweatshirt Navy,924.0,0.3,48.84
9188229,Google 24oz Ring Bottle Blue,919.0,0.3,49.14
9196967,Google NYC Campus Zip Hoodie,917.0,0.3,49.44
9185150,Google Women's Microfleece Jacket Black,915.0,0.3,49.74
9195792,YouTube Icon Tee Charcoal,911.0,0.3,50.04
9195197,Google F/C Longsleeve Charcoal,906.0,0.3,50.33
9196869,Google Utensil Set,891.0,0.29,50.62
9195712,YouTube Leather Strap Hat Black,885.0,0.29,50.91
9196719,Google Men's Tech Fleece Vest Charcoal,883.0,0.29,51.2
9196647,Google Sherpa Zip Hoodie Navy,880.0,0.29,51.49
9195742,Google Dino Game Tee,880.0,0.29,51.77
9194988,Google Women's Grid Zip-Up,878.0,0.29,52.06
9195961,Google Campus Bike Mini Backpack,872.0,0.28,52.34
9196950,Google NYC Campus Mug,853.0,0.28,52.62
9196754,Google Men's Puff Jacket Black,851.0,0.28,53.18
9199125,Google Land & Sea Mug,851.0,0.28,52.9
9195198,Google F/C Longsleeve Charcoal,846.0,0.28,53.45
9197719,Google Incognito Laptop Organizer,831.0,0.27,53.72
9199084,Google Land & Sea Journal Set,816.0,0.27,53.99
9197004,Google Austin Campus Mug,805.0,0.26,54.25
9195203,Google F/C Longsleeve Ash,798.0,0.26,54.51
9188221,Google Utility Bag Grey,794.0,0.26,54.77
9196655,Google Raincoat Navy,792.0,0.26,55.03
9184981,Google Small Standard Journal Navy,791.0,0.26,55.29
9195831,Google Campus Bike Bottle,788.0,0.26,55.54
9196649,Google Sherpa Zip Hoodie Navy,784.0,0.26,55.8
9195840,YouTube Play Mug,782.0,0.25,56.06
9196734,Google Cotopaxi Shell,780.0,0.25,56.31
9195835,Google Campus Bike Corkbase Mug Blue,778.0,0.25,56.56
9194989,Google Women's Grid Zip-Up,776.0,0.25,56.82
9200322,Google Black Cloud Zip Hoodie,771.0,0.25,57.07
9195132,Google Zip Hoodie F/C,768.0,0.25,57.32
9190334,YouTube Crew Socks,766.0,0.25,57.57
9195250,Google Toddler FC Zip Hoodie,756.0,0.25,57.81
9195204,Google F/C Longsleeve Ash,750.0,0.24,58.06
9195248,Google Toddler FC Zip Hoodie,749.0,0.24,58.3
9195939,Google Campus Bike Grid Task Pad,738.0,0.24,58.78
9196638,Google Red Speckled Tee,738.0,0.24,58.54
9199132,Super G Unisex Joggers,733.0,0.24,59.02
9196706,Google Cup Cap Tumbler Grey,732.0,0.24,59.26
9197586,Google Seattle Campus Mug,730.0,0.24,59.5
9196662,Google Sherpa Zip Hoodie Charcoal,729.0,0.24,59.74
9195196,Google F/C Longsleeve Charcoal,708.0,0.23,59.97
9185159,Google Crewneck Sweatshirt Grey,693.0,0.23,60.19
9195202,Google F/C Longsleeve Ash,690.0,0.22,60.42
9195267,Google Incognito Messenger Bag,690.0,0.22,60.64
9196618,Google Crewneck Sweatshirt Green,682.0,0.22,60.87
9195249,Google Toddler FC Zip Hoodie,679.0,0.22,61.09
9196384,Google Mural Mug,675.0,0.22,61.31
9198448,Daddy Works at Google Book,672.0,0.22,61.53
9199082,Google Land & Sea Tote Bag,664.0,0.22,61.74
9196716,Google Men's Tech Fleece Vest Charcoal,662.0,0.22,61.96
9194987,Google Women's Grid Zip-Up,652.0,0.21,62.17
9188315,Google Magnet,646.0,0.21,62.38
9196768,Google Men's Tech Fleece Grey,639.0,0.21,62.59
9195945,Google Campus Bike Tote Navy,635.0,0.21,62.8
9196380,Google Mural Sticky Note Pad,631.0,0.21,63.0
9196788,Google Mural Socks,618.0,0.2,63.41
9196866,Google ApPeel Journal Red,618.0,0.2,63.21
9195206,Google F/C Longsleeve Ash,606.0,0.2,63.6
9196902,#IamRemarkable Journal,603.0,0.2,63.8
9196752,Google Men's Puff Jacket Black,598.0,0.19,64.0
9200364,White Google Shoreline Bottle,596.0,0.19,64.19
9196630,Google Navy Speckled Tee,594.0,0.19,64.38
9185155,Google Crewneck Sweatshirt Grey,583.0,0.19,64.57
9195912,Womens Google Striped LS,581.0,0.19,64.76
9196741,Google Men's Softshell Moss,573.0,0.19,64.95
9195295,Android Techie 3D Framed Art,572.0,0.19,65.14
9196785,Google Keychain,569.0,0.19,65.32
9196718,Google Men's Tech Fleece Vest Charcoal,568.0,0.19,65.51
9200319,Google Black Cloud Zip Hoodie,564.0,0.18,65.69
9197569,Google PNW Campus Mug,562.0,0.18,65.87
9195126,Google Zip Hoodie F/C,552.0,0.18,66.05
9196621,Google Heather Green Speckled Tee,551.0,0.18,66.23
9196665,Google Sherpa Zip Hoodie Charcoal,550.0,0.18,66.41
9185157,Google Crewneck Sweatshirt Grey,539.0,0.18,66.59
9196383,Google Mural Bottle,529.0,0.17,66.76
9196657,Google Raincoat Navy,528.0,0.17,66.93
9195928,Google Premium Sunglasses,522.0,0.17,67.1
9195739,Google Dino Game Tee,520.0,0.17,67.27
9196608,Google Badge Heavyweight Pullover Black,506.0,0.16,67.44
9196731,Google Cotopaxi Shell,504.0,0.16,67.6
9195199,Google F/C Longsleeve Charcoal,498.0,0.16,67.77
9196737,Google Felt Refillable Journal,494.0,0.16,67.93
9196631,Google Navy Speckled Tee,492.0,0.16,68.09
9195738,Google Dino Game Tee,488.0,0.16,68.25
9195548,Android Buoy Bottle,487.0,0.16,68.4
9188197,Google See-No Hear-No Set,485.0,0.16,68.56
9196846,Android Iconic Notebook,484.0,0.16,68.72
9196756,Google Men's Puff Jacket Black,483.0,0.16,68.88
9195549,Google Unisex Eco Tee Black,482.0,0.16,69.03
9196977,Google Chicago Campus Mug,482.0,0.16,69.19
9196656,Google Raincoat Navy,480.0,0.16,69.35
9197568,Google PNW Campus Bottle,469.0,0.15,69.5
9195825,YouTube Standards Zip Hoodie Black,468.0,0.15,69.65
9195552,Google Unisex Eco Tee Black,463.0,0.15,69.81
9188210,Google Mesh Bag Red,461.0,0.15,69.96
9196801,Android Iconic Glass Bottle Green,460.0,0.15,70.11
9196760,Google Women's Puff Jacket Black,460.0,0.15,70.26
9196832,Android Pocket Onesie Navy,459.0,0.15,70.41
9197457,Google Super G Tumbler (Blue Lid),458.0,0.15,70.55
9196646,Google Sherpa Zip Hoodie Navy,454.0,0.15,70.7
9196965,Google NYC Campus Zip Hoodie,451.0,0.15,70.85
9188201,Google Pen White,450.0,0.15,71.29
9185010,Google Bot,450.0,0.15,71.14
9196603,Google Badge Heavyweight Pullover Black,450.0,0.15,71.0
9197951,Google Sunnyvale Campus Mug,443.0,0.14,71.58
9196800,Android Iconic Mug Gray,443.0,0.14,71.43
9195205,Google F/C Longsleeve Ash,438.0,0.14,71.72
9198825,Mural Food Container,437.0,0.14,71.86
9196901,#IamRemarkable Water Bottle,435.0,0.14,72.01
9196951,Google NYC Campus Bottle,431.0,0.14,72.15
9184988,Google Emoji Sticker Pack,430.0,0.14,72.29
9199205,Google Land & Sea French Terry Sweatshirt,429.0,0.14,72.43
9197426,Google SF Campus Bottle,427.0,0.14,72.57
9197707,Google PNW Campus Zip Hoodie,426.0,0.14,72.7
9196895,Google Cork Passport Holder,426.0,0.14,72.84
9197400,Google LA Campus Mug,422.0,0.14,72.98
9195296,Android Super Hero 3D Framed Art,420.0,0.14,73.12
9195551,Google Unisex Eco Tee Black,416.0,0.14,73.25
9188234,Google Twill Cap Charcoal,415.0,0.14,73.39
9200600,Google Bot (Multicolored),414.0,0.13,73.52
9196274,YouTube Transmission Journal Red,411.0,0.13,73.66
9195128,Google Zip Hoodie F/C,408.0,0.13,73.79
9196917,#IamRemarkable Unisex Hoodie,407.0,0.13,73.92
9188189,Google 16 oz Tumbler Blue,405.0,0.13,74.06
9195710,Google Leather Strap Hat Black,405.0,0.13,74.19
9185149,Google Women's Microfleece Jacket Black,405.0,0.13,74.32
9196843,Android Iconic Backpack,400.0,0.13,74.45
9195195,Google F/C Longsleeve Charcoal,396.0,0.13,74.58
9196743,Google Men's Softshell Moss,395.0,0.13,74.71
9196777,Google Sherpa Vest Black,394.0,0.13,74.84
9188191,YouTube 25 oz Gear Cap Bottle Black,394.0,0.13,74.96
9196779,Google Sherpa Vest Black,394.0,0.13,75.09
9196623,Google Heather Green Speckled Tee,392.0,0.13,75.22
9196769,Google Men's Tech Fleece Grey,391.0,0.13,75.35
9196813,Android Pocket Tee Navy,387.0,0.13,75.47
9198447,Mommy Works at Google Book,384.0,0.13,75.6
9195962,Essential Canvas Tote,383.0,0.12,75.72
9197994,YouTube Jotter Task Pad,381.0,0.12,75.85
9197414,Google SF Campus Zip Hoodie,379.0,0.12,75.97
9196812,Android Pocket Tee Navy,376.0,0.12,76.09
9185152,Google Women's Microfleece Jacket Black,375.0,0.12,76.22
9199737,Super G Unisex Joggers,374.0,0.12,76.34
9196814,Android Pocket Tee Navy,369.0,0.12,76.46
9196761,Google Women's Puff Jacket Black,368.0,0.12,76.7
9196783,YouTube Iconic Play Pin,368.0,0.12,76.58
9196724,Google Women's Tech Fleece Vest Charcoal,363.0,0.12,76.82
9196729,Google LoveHandle Black,360.0,0.12,77.05
9196894,Google Cork Card Holder,360.0,0.12,76.94
9200323,Google Black Cloud Zip Hoodie,358.0,0.12,77.17
9196771,Google Women's Tech Fleece Grey,355.0,0.12,77.4
9180818,Keyboard DOT Sticker,355.0,0.12,77.52
9195798,YouTube Icon Tee Grey,355.0,0.12,77.29
9195211,Google Tudes Recycled Tee,354.0,0.12,77.63
9195237,Google Toddler FC Tee Charcoal,350.0,0.11,77.75
9199133,Super G Unisex Joggers,350.0,0.11,77.86
9196735,Google Cotopaxi Shell,342.0,0.11,77.97
9196671,Google Infant Hero Onesie Grey,340.0,0.11,78.08
9196855,Android Iconic Hat White,336.0,0.11,78.19
9196784,Google Emoji Magnet Set,336.0,0.11,78.3
9196693,Google Youth Hero Tee Grey,333.0,0.11,78.41
9196721,Google Men's Tech Fleece Vest Charcoal,331.0,0.11,78.52
9196728,Android Iconic Socks,331.0,0.11,78.63
9196720,Google Men's Tech Fleece Vest Charcoal,331.0,0.11,78.73
9196645,Google Sherpa Zip Hoodie Navy,330.0,0.11,78.84
9195913,Womens Google Striped LS,328.0,0.11,78.95
9195911,Womens Google Striped LS,324.0,0.11,79.16
9195827,YouTube Standards Zip Hoodie Black,324.0,0.11,79.05
9197423,Google SF Campus Tote,321.0,0.1,79.26
9197412,Google SF Campus Zip Hoodie,321.0,0.1,79.37
9196854,Android Iconic Hat Green,320.0,0.1,79.58
9196770,Google Women's Tech Fleece Grey,320.0,0.1,79.47
9185160,Google Crewneck Sweatshirt Grey,319.0,0.1,79.68
9196922,Google Cambridge Campus Mug,316.0,0.1,79.78
9196748,Google Women's Softshell Moss,316.0,0.1,79.89
9196747,Google Women's Softshell Moss,316.0,0.1,79.99
9185151,Google Women's Microfleece Jacket Black,315.0,0.1,80.09
9184912,Google Crewneck Sweatshirt Navy,308.0,0.1,80.19
9197603,Google Kirkland Campus Mug,307.0,0.1,80.29
9196939,Google Cambridge Campus Zip Hoodie,306.0,0.1,80.39
9196732,Google Cotopaxi Shell,304.0,0.1,80.69
9196711,Google Split Seam Tee Olive,304.0,0.1,80.59
9195550,Google Unisex Eco Tee Black,304.0,0.1,80.49
9195735,Google Campus Bike Eco Tee Navy,300.0,0.1,80.79
9194990,Google Women's Grid Zip-Up,300.0,0.1,80.89
9196762,Google Women's Puff Jacket Black,299.0,0.1,80.98
9196856,Android Iconic Hat Black,298.0,0.1,81.18
9197413,Google SF Campus Zip Hoodie,298.0,0.1,81.28
9196390,Supernatural Paper Tote,298.0,0.1,81.08
9180825,Google Sunglasses,291.0,0.09,81.37
9180827,Google Sunglasses,290.0,0.09,81.47
9196624,Google Heather Green Speckled Tee,288.0,0.09,81.65
9188310,Android SM S/F18 Sticker Sheet,288.0,0.09,81.84
9195918,Google Summer19 Crew Grey,288.0,0.09,81.93
9196607,Google Badge Heavyweight Pullover Black,288.0,0.09,81.75
9197380,Google LA Campus Unisex Tee,288.0,0.09,81.56
9196786,Google Lapel Pin,284.0,0.09,82.03
9195882,Unisex Google Pocket Tee Grey,284.0,0.09,82.12
9195919,Google Summer19 Crew Grey,280.0,0.09,82.21
9184829,Google Light Pen Blue,279.0,0.09,82.3
9197026,Google Austin Campus Tote,278.0,0.09,82.39
9197810,Supernatural Paper Backpack,276.0,0.09,82.48
9196978,Google Chicago Campus Bottle,275.0,0.09,82.57
9196907,#IamRemarkable Unisex T-Shirt,271.0,0.09,82.66
9195200,Google F/C Longsleeve Charcoal,270.0,0.09,82.75
9196857,Android Iconic Beanie,268.0,0.09,82.92
9196775,Google Sherpa Vest Black,268.0,0.09,82.84
9195966,Google Clear Framed Yellow Shades,265.0,0.09,83.18
9195238,Google Toddler FC Tee Charcoal,265.0,0.09,83.27
9196938,Google Cambridge Campus Zip Hoodie,265.0,0.09,83.1
9196994,Google Chicago Campus Zip Hoodie,265.0,0.09,83.01
9199201,Google Land & Sea French Terry Sweatshirt,264.0,0.09,83.36
9196847,Android Iconic Crewneck Sweatshirt,264.0,0.09,83.61
9196723,Google Women's Tech Fleece Vest Charcoal,264.0,0.09,83.53
9196635,Google Red Speckled Tee,264.0,0.09,83.44
9188198,Google Small Cable Organizer Blue,261.0,0.09,83.7
9195731,Google Campus Bike Eco Tee Navy,260.0,0.08,83.78
9195244,Google Infant Charcoal Onesie,260.0,0.08,83.87
9196858,Google Recycled Writing Set,259.0,0.08,83.95
9196694,Google Youth Hero Tee Grey,258.0,0.08,84.04
9196745,Google Men's Softshell Moss,257.0,0.08,84.12
9188209,Google Mesh Bag Blue,256.0,0.08,84.2
9197020,Google Austin Campus Zip Hoodie,256.0,0.08,84.29
9195927,Google Blue Kids Sunglasses,255.0,0.08,84.37
9200362,Google Cloud Pen,251.0,0.08,84.45
9195736,Google Campus Bike Eco Tee Navy,250.0,0.08,84.62
9195226,Google Youth FC Tee Charcoal,250.0,0.08,84.53
9196389,Supernatural Paper Lunch Sack,247.0,0.08,84.7
9197368,Google Boulder Campus Mug,247.0,0.08,84.78
9200364,Google Shoreline Water Bottle,246.0,0.08,84.86
9195231,Google Youth FC Longsleeve Charcoal,246.0,0.08,84.94
9195236,Google Toddler FC Tee Charcoal,245.0,0.08,85.02
9188228,Google 24 oz Ring Bottle Red,243.0,0.08,85.1
9197592,Google Kirkland Campus Unisex Tee,242.0,0.08,85.17
9195265,Google Incognito Flap Pack,240.0,0.08,85.25
9196916,#IamRemarkable Unisex Hoodie,239.0,0.08,85.33
9196412,Google Beekeepers Tee Mint,238.0,0.08,85.41
9196993,Google Chicago Campus Zip Hoodie,234.0,0.08,85.48
9197705,Google PNW Campus Zip Hoodie,233.0,0.08,85.56
9184830,Google Light Pen Red,232.0,0.08,85.71
9196427,Stan and Friends Tee Green,232.0,0.08,85.64
9195247,Google Infant Charcoal Onesie,230.0,0.07,85.79
9196381,Google Mural Notebook,228.0,0.07,85.86
9195228,Google Youth FC Tee Charcoal,225.0,0.07,85.93
9197386,Google LA Campus Zip Hoodie,225.0,0.07,86.01
9197706,Google PNW Campus Zip Hoodie,224.0,0.07,86.45
9197986,Google Sunnyvale Campus Zip Hoodie,224.0,0.07,86.3
9197021,Google Austin Campus Zip Hoodie,224.0,0.07,86.23
9197988,Google Sunnyvale Campus Zip Hoodie,224.0,0.07,86.08
9196699,Google Youth Hero Tee Maroon,224.0,0.07,86.37
9196891,Google Medium Pet Leash (Blue/Green),224.0,0.07,86.15
9180826,Google Sunglasses,223.0,0.07,86.52
9195967,Google Clear Framed Blue Shades,223.0,0.07,86.59
9195229,Google Youth FC Longsleeve Charcoal,222.0,0.07,86.74
9195968,Google Clear Framed Gray Shades,222.0,0.07,86.66
9185146,Google Mens Microfleece Jacket Black,221.0,0.07,86.88
9196780,Google Sherpa Vest Black,221.0,0.07,86.81
9195263,Google Toddler FC Tee Charcoal,220.0,0.07,86.95
9196805,Android Pocket Tee Green,219.0,0.07,87.1
9196918,#IamRemarkable Unisex Hoodie,219.0,0.07,87.02
9195936,Google Color Block Notebook,218.0,0.07,87.17
9195230,Google Youth FC Longsleeve Charcoal,216.0,0.07,87.24
9195227,Google Youth FC Tee Charcoal,215.0,0.07,87.31
9196709,Google Split Seam Tee Olive,215.0,0.07,87.38
9195801,YouTube Icon Tee Grey,214.0,0.07,87.45
9197713,Google PNW Campus Unisex Tee,214.0,0.07,87.52
9180823,Google Mini Kick Ball,213.0,0.07,87.59
9195937,Google Confetti Task Pad,211.0,0.07,87.65
9197814,Google Large Pet Leash (Red/Yellow),210.0,0.07,87.86
9196870,Google Sustainable Pencil Pouch,210.0,0.07,87.93
9197387,Google LA Campus Zip Hoodie,210.0,0.07,87.79
9195791,YouTube Icon Tee Charcoal,210.0,0.07,87.72
9195946,Google Campus Bike Carry Pouch,207.0,0.07,88.0
9184749,Android Large Removable Sticker Sheet,207.0,0.07,88.06
9184831,Google Light Pen Green,205.0,0.07,88.13
9195245,Google Infant Charcoal Onesie,205.0,0.07,88.2
9184850,Google Tee Yellow,204.0,0.07,88.33
9188207,Google Laptop Sleeve Charcoal,204.0,0.07,88.26
9196892,Google Large Pet Leash (Blue/Green),203.0,0.07,88.4
9181149,Gift Card - $25.00,200.0,0.07,88.46
9195246,Google Infant Charcoal Onesie,200.0,0.07,88.53
9195201,Google F/C Longsleeve Ash,198.0,0.06,88.59
9195938,Google Confetti Slim Task Pad,197.0,0.06,88.66
9196806,Android Pocket Tee Green,196.0,0.06,88.78
9196889,Google Medium Pet Collar (Blue/Green),196.0,0.06,88.72
9195794,YouTube Icon Tee Charcoal,195.0,0.06,88.85
9196861,Google Cork Journal,194.0,0.06,88.97
9197005,Google Austin Campus Bottle,194.0,0.06,88.91
9196666,Google Sherpa Zip Hoodie Charcoal,193.0,0.06,89.04
9196654,Google Raincoat Navy,192.0,0.06,89.1
9195881,Unisex Google Pocket Tee Grey,192.0,0.06,89.16
9200344,Google Chrome Dino Light Up Water Bottle,191.0,0.06,89.22
9195294,Snowflake Android Cardboard Sculpture,190.0,0.06,89.29
9195802,YouTube Icon Tee Grey,186.0,0.06,89.35
9196757,Google Men's Puff Jacket Black,184.0,0.06,89.41
9184842,Google Tee Red,183.0,0.06,89.47
9184979,Android Large Trace Journal Black,181.0,0.06,89.53
9180842,Maze Pen,180.0,0.06,89.58
9200324,Google Black Cloud Zip Hoodie,179.0,0.06,89.64
9196830,Android Pocket Onesie Navy,178.0,0.06,89.7
9196968,Google NYC Campus Zip Hoodie,178.0,0.06,89.76
9188194,Google Mouse Pad Navy,177.0,0.06,89.82
9196851,Android Iconic Crewneck Sweatshirt,176.0,0.06,89.93
9196864,Google Cork Pencil Pouch,176.0,0.06,89.99
9196270,Google Mural Sticker Sheet,176.0,0.06,89.87
9200316,Google Aluminum Bottle Red,175.0,0.06,90.05
9188311,Android Lumberjack Pin,174.0,0.06,90.1
9197347,Google Boulder Campus Unisex Tee,172.0,0.06,90.16
9196995,Google Chicago Campus Zip Hoodie,169.0,0.06,90.21
9188233,Google Phone Stand Bamboo,169.0,0.06,90.27
9196890,Google Large Pet Collar (Blue/Green),168.0,0.05,90.49
9196710,Google Split Seam Tee Olive,168.0,0.05,90.43
9196437,Stan and Friends Youth Tee Green,168.0,0.05,90.32
9196872,Google Felt Luggage Tag,168.0,0.05,90.38
9195942,Google Confetti Accessory Pouch,167.0,0.05,90.6
9196811,Android Pocket Tee Navy,167.0,0.05,90.54
9195799,YouTube Icon Tee Grey,166.0,0.05,90.7
9196691,Google Youth Badge Tee Olive,166.0,0.05,90.65
9196650,Google Sherpa Zip Hoodie Navy,165.0,0.05,90.76
9196782,Google Maps Pin,163.0,0.05,90.81
9184866,Google Tee Blue,163.0,0.05,90.86
9196822,Android Pocket Toddler Tee Navy,162.0,0.05,91.02
9196695,Google Youth Hero Tee Grey,162.0,0.05,90.92
9197420,Google SF Campus Ladies Tee,162.0,0.05,90.97
9197989,Google Sunnyvale Campus Zip Hoodie,160.0,0.05,91.13
9197356,Google Boulder Campus Zip Hoodie,160.0,0.05,91.08
9197372,Google Infant Hero Tee Olive,158.0,0.05,91.28
9196749,Google Women's Softshell Moss,158.0,0.05,91.33
9197953,Google Sunnyvale Campus Bottle,158.0,0.05,91.23
9197379,Google LA Campus Unisex Tee,158.0,0.05,91.38
9196740,Google Men's Softshell Moss,158.0,0.05,91.18
9196698,Google Youth Hero Tee Maroon,157.0,0.05,91.44
9196824,Android Pocket Toddler Tee Navy,154.0,0.05,91.49
9196908,#IamRemarkable Unisex T-Shirt,153.0,0.05,91.54
9197939,Google Decal,153.0,0.05,91.59
9196712,Google Split Seam Tee Olive,152.0,0.05,91.69
9196736,Google Cotopaxi Shell,152.0,0.05,91.64
9181151,Gift Card - $50.00,150.0,0.05,91.73
9194986,Google Women's Grid Zip-Up,150.0,0.05,91.78
9196382,Google Mural Tote,148.0,0.05,91.88
9196413,Google Beekeepers Tee Mint,148.0,0.05,91.83
9195879,Unisex Google Pocket Tee Grey,148.0,0.05,91.93
9184858,Google Tee Green,146.0,0.05,91.98
9196840,Android Pocket Youth Tee Navy,145.0,0.05,92.02
9196419,Flamingo and Friends Tee Blue,144.0,0.05,92.16
9197373,Google Infant Hero Tee Olive,144.0,0.05,92.12
9195251,Google Youth FC Zip Hoodie,144.0,0.05,92.07
9185156,Google Crewneck Sweatshirt Grey,143.0,0.05,92.21
9196829,Android Pocket Onesie Navy,143.0,0.05,92.26
9196642,Google Toddler Tee White,143.0,0.05,92.35
9196831,Android Pocket Onesie Navy,143.0,0.05,92.3
9196859,Google Recycled Pen Black,142.0,0.05,92.49
9188256,Google Women's Black Tee,142.0,0.05,92.44
9196772,Google Women's Tech Fleece Grey,142.0,0.05,92.4
9195553,Google Unisex Eco Tee Black,142.0,0.05,92.54
9195797,YouTube Icon Tee Grey,141.0,0.05,92.58
9197811,Google Medium Pet Collar (Red/Yellow),140.0,0.05,92.67
9197974,Google Sunnyvale Campus Ladies Tee,140.0,0.05,92.63
9197969,Google Mountain View Campus Ladies Tee,140.0,0.05,92.72
9196643,Google Toddler Tee White,138.0,0.04,92.85
9196714,Google Totepak,138.0,0.04,92.81
9196644,Google Toddler Tee White,138.0,0.04,92.76
9195926,Google Red Kids Sunglasses,137.0,0.04,92.94
9197385,Google LA Campus Zip Hoodie,137.0,0.04,92.9
9197708,Google PNW Campus Zip Hoodie,137.0,0.04,93.03
9196874,Google Felt Strap Keyring,137.0,0.04,92.99
9196893,Google Cork Key Ring,135.0,0.04,93.08
9184980,Android Small Trace Journal Black,135.0,0.04,93.12
9196414,Google Beekeepers Tee Mint,134.0,0.04,93.16
9197370,Google Infant Hero Tee Olive,134.0,0.04,93.21
9197963,Google Sunnyvale Campus Unisex Tee,134.0,0.04,93.25
9196722,Google Women's Tech Fleece Vest Charcoal,132.0,0.04,93.29
9199204,Google Land & Sea French Terry Sweatshirt,132.0,0.04,93.34
9199203,Google Land & Sea French Terry Sweatshirt,132.0,0.04,93.38
9196823,Android Pocket Toddler Tee Navy,131.0,0.04,93.42
9196868,Stainless Straight Straw/Cleaner,130.0,0.04,93.55
9196960,Google NYC Campus Ladies Tee,130.0,0.04,93.51
9196451,Google Beekeepers Toddler Tee Pink,130.0,0.04,93.46
9196906,#IamRemarkable Unisex T-Shirt,129.0,0.04,93.59
9197987,Google Sunnyvale Campus Zip Hoodie,128.0,0.04,93.63
9196970,Google NYC Campus Zip Hoodie,128.0,0.04,93.76
9197354,Google Boulder Campus Zip Hoodie,128.0,0.04,93.88
9196420,Flamingo and Friends Tee Blue,128.0,0.04,93.8
9197355,Google Boulder Campus Zip Hoodie,128.0,0.04,93.72
9197978,Google Mountain View Campus Zip Hoodie,128.0,0.04,93.68
9197981,Google Mountain View Campus Zip Hoodie,128.0,0.04,93.84
9196692,Google Youth Badge Tee Olive,127.0,0.04,93.93
9196776,Google Sherpa Vest Black,126.0,0.04,94.09
9196452,Google Beekeepers Onesie Pink,126.0,0.04,94.13
9195846,Google Pen Citron,126.0,0.04,94.05
9196953,Google NYC Campus Unisex Tee,126.0,0.04,93.97
9196433,Stan and Friends Onesie Green,126.0,0.04,94.01
9199126,Google Land & Sea Tech Taco,125.0,0.04,94.21
9196268,Google Large White Gift Bag 5/PK,125.0,0.04,94.17
9196428,Stan and Friends Tee Green,124.0,0.04,94.25
9196913,#IamRemarkable Ladies T-Shirt,123.0,0.04,94.29
9196689,Google Youth Badge Tee Olive,121.0,0.04,94.33
9195225,Google Youth FC Tee Charcoal,120.0,0.04,94.41
9197391,Google LA Campus Ladies Tee,120.0,0.04,94.49
9196407,Android Garden Tee Orange,120.0,0.04,94.37
9196687,Google Youth Badge Tee Navy,120.0,0.04,94.45
9196700,Google Youth Hero Tee Maroon,119.0,0.04,94.57
9197812,Google Large Pet Collar (Red/Yellow),119.0,0.04,94.53
9196926,Google Cambridge Campus Unisex Tee,116.0,0.04,94.6
9196429,Stan and Friends Tee Green,116.0,0.04,94.64
9196981,Google Chicago Campus Unisex Tee,116.0,0.04,94.68
9196681,Google Toddler Hero Tee Olive,114.0,0.04,94.75
9197415,Google SF Campus Zip Hoodie,114.0,0.04,94.72
9194991,Google Women's Grid Zip-Up,113.0,0.04,94.79
9197399,Google LA Campus Bottle,113.0,0.04,94.83
9196959,Google NYC Campus Ladies Tee,112.0,0.04,94.9
9190336,YouTube Small Sticker Sheet,112.0,0.04,94.86
9196445,Google Beekeepers Youth Tee Pink,112.0,0.04,94.94
9197371,Google Infant Hero Tee Olive,112.0,0.04,94.97
9196841,Android Pocket Youth Tee Navy,110.0,0.04,95.08
9185161,Google Crewneck Sweatshirt Grey,110.0,0.04,95.01
9196688,Google Youth Badge Tee Navy,110.0,0.04,95.05
9196821,Android Pocket Toddler Tee Navy,109.0,0.04,95.12
9195252,Google Youth FC Zip Hoodie,108.0,0.04,95.15
9196845,Android Iconic Sticker Sheet,107.0,0.03,95.19
9195842,Google Pen Bright Blue,106.0,0.03,95.22
9196237,Android Puzzlebot v2,106.0,0.03,95.26
9188231,Google Recycled Notebook Set Natural,105.0,0.03,95.36
9196685,Google Youth Badge Tee Navy,105.0,0.03,95.29
9196690,Google Youth Badge Tee Olive,105.0,0.03,95.32
9195744,Google Dino Game Tee,104.0,0.03,95.39
9196411,Google Beekeepers Tee Mint,102.0,0.03,95.53
9196432,Stan and Friends Onesie Green,102.0,0.03,95.43
9197392,Google LA Campus Ladies Tee,102.0,0.03,95.63
9197405,Google SF Campus Unisex Tee,102.0,0.03,95.59
9197955,Google Mountain View Campus Unisex Tee,102.0,0.03,95.49
9196442,Stan and Friends Toddler Tee Green,102.0,0.03,95.56
9197381,Google LA Campus Unisex Tee,102.0,0.03,95.46
9197396,Google LA Campus Tote,100.0,0.03,95.66
9181148,Gift Card- $100.00,100.0,0.03,95.69
9199207,Google Land & Sea French Terry Sweatshirt,99.0,0.03,95.76
9196744,Google Men's Softshell Moss,99.0,0.03,95.72
9195790,YouTube Icon Tee Charcoal,98.0,0.03,95.79
9196961,Google NYC Campus Ladies Tee,98.0,0.03,96.01
9197591,Google Kirkland Campus Unisex Tee,98.0,0.03,95.85
9196443,Stan and Friends Toddler Tee Green,98.0,0.03,95.82
9195017,Google Women's Discovery Lt. Rain Shell,98.0,0.03,95.95
9195016,Google Women's Discovery Lt. Rain Shell,98.0,0.03,95.92
9195011,Google Men's Discovery Lt. Rain Shell,98.0,0.03,95.98
9197015,Google Austin Campus Ladies Tee,98.0,0.03,95.88
9196964,Google NYC Campus Zip Hoodie,96.0,0.03,96.23
9197985,Google Sunnyvale Campus Zip Hoodie,96.0,0.03,96.04
9195883,Unisex Google Pocket Tee Grey,96.0,0.03,96.14
9195208,Google Tudes Recycled Tee,96.0,0.03,96.2
9196686,Google Youth Badge Tee Navy,96.0,0.03,96.1
9195910,Womens Google Striped LS,96.0,0.03,96.07
9197041,Google Toddler Hero Tee Black,96.0,0.03,96.17
9195826,YouTube Standards Zip Hoodie Black,96.0,0.03,96.26
9196641,Google Toddler Tee White,95.0,0.03,96.29
9196683,Google Toddler Hero Tee Olive,95.0,0.03,96.32
9197040,Google Toddler Hero Tee Black,92.0,0.03,96.35
9195908,Youth Jumbo Print Tee White,92.0,0.03,96.38
9188264,Google Tee Grey,90.0,0.03,96.44
9196835,Android Pocket Youth Tee Green,90.0,0.03,96.41
9195847,Google Pen Red,89.0,0.03,96.53
9196703,Google Red YoYo,89.0,0.03,96.5
9188314,Android Hipster Pin,89.0,0.03,96.47
9199206,Google Land & Sea French Terry Sweatshirt,88.0,0.03,96.59
9196423,Flamingo and Friends Tee Blue,88.0,0.03,96.67
9196440,Stan and Friends Toddler Tee Green,88.0,0.03,96.7
9196704,Google Blue YoYo,88.0,0.03,96.56
9196725,Google Women's Tech Fleece Vest Charcoal,88.0,0.03,96.64
9195555,Google Unisex Eco Tee Black,88.0,0.03,96.62
9196904,#IamRemarkable Lapel Pin,86.0,0.03,96.73
9195844,Google Pen Lilac,85.0,0.03,96.76
9188333,Google Tonal Tee Coral,85.0,0.03,96.78
9196798,Android Iconic Pen,84.0,0.03,96.89
9197968,Google Mountain View Campus Ladies Tee,84.0,0.03,96.87
9196269,Google Pride Sticker,84.0,0.03,96.81
9196426,Stan and Friends Tee Green,84.0,0.03,96.84
9197042,Google Toddler Hero Tee Black,83.0,0.03,96.92
9196912,#IamRemarkable Ladies T-Shirt,82.0,0.03,96.97
9195843,Google Pen Neon Coral,82.0,0.03,97.0
9197585,Google Seattle Campus Sticker,82.0,0.03,97.03
9197329,#IamRemarkable Pen,82.0,0.03,96.95
9196909,#IamRemarkable Unisex T-Shirt,81.0,0.03,97.08
9195941,Google Striped Penny Pouch,81.0,0.03,97.05
9195796,YouTube Icon Tee Charcoal,80.0,0.03,97.13
9196949,Google NYC Campus Lapel Pin,80.0,0.03,97.11
9197992,Google Jotter Task Pad,80.0,0.03,97.19
9195737,Google Campus Bike Eco Tee Navy,80.0,0.03,97.16
9196746,Google Women's Softshell Moss,79.0,0.03,97.21
9195920,Google Summer19 Crew Grey,78.0,0.03,97.24
9197039,Google Toddler Hero Tee Black,78.0,0.03,97.26
9195907,Youth Jumbo Print Tee White,78.0,0.03,97.29
9196919,#IamRemarkable Unisex Hoodie,78.0,0.03,97.31
9196971,Google NYC Campus Sticker,76.0,0.02,97.41
9195795,YouTube Icon Tee Charcoal,76.0,0.02,97.39
9188200,Google Pen Grey,76.0,0.02,97.36
9196285,Google Women's Pride Eco-Tee Black,76.0,0.02,97.34
9197398,Google LA Campus Sticker,76.0,0.02,97.44
9184856,Google Tee Yellow,76.0,0.02,97.49
9196896,Google Cork Tablet Case,76.0,0.02,97.51
9196684,Google Toddler Hero Tee Olive,76.0,0.02,97.46
9196286,Google Women's Pride Eco-Tee Black,75.0,0.02,97.54
9196807,Android Pocket Tee Green,75.0,0.02,97.56
9196453,Google Beekeepers Onesie Pink,74.0,0.02,97.61
9197962,Google Sunnyvale Campus Unisex Tee,74.0,0.02,97.68
9196438,Stan and Friends Youth Tee Green,74.0,0.02,97.58
9197359,Google Boulder Campus Ladies Tee,74.0,0.02,97.63
9197973,Google Sunnyvale Campus Ladies Tee,74.0,0.02,97.66
9197388,Google LA Campus Zip Hoodie,73.0,0.02,97.7
9196639,Google Red Speckled Tee,72.0,0.02,97.73
9196999,Google Chicago Campus Tote,71.0,0.02,97.75
9188313,Android Geek Pin,71.0,0.02,97.8
9196773,Google Women's Tech Fleece Grey,71.0,0.02,97.77
9195024,Google Women's Kirkland Pullover,70.0,0.02,97.84
9196434,Stan and Friends Onesie Green,70.0,0.02,97.87
9197346,Google Boulder Campus Unisex Tee,70.0,0.02,97.89
9197007,Google Austin Campus Unisex Tee,70.0,0.02,97.82
9196815,Android Pocket Tee Navy,69.0,0.02,97.91
9195909,Youth Jumbo Print Tee White,67.0,0.02,97.93
9196839,Android Pocket Youth Tee Navy,65.0,0.02,97.98
9196404,Android Garden Tee Orange,65.0,0.02,98.0
9196871,Google Tech Taco,65.0,0.02,98.02
9196267,Google Small White Gift Bag 5/PK,65.0,0.02,97.95
9197022,Google Austin Campus Zip Hoodie,64.0,0.02,98.14
9197990,Google Sunnyvale Campus Zip Hoodie,64.0,0.02,98.16
9196405,Android Garden Tee Orange,64.0,0.02,98.08
9195389,Google Youth F/C Pullover Hoodie,64.0,0.02,98.04
9197018,Google Austin Campus Zip Hoodie,64.0,0.02,98.06
9195765,Google Tee Mint Green,64.0,0.02,98.12
9197982,Google Mountain View Campus Zip Hoodie,64.0,0.02,98.1
9196778,Google Sherpa Vest Black,63.0,0.02,98.18
9196802,Android Iconic Pin,63.0,0.02,98.23
9194992,Google Women's Grid Zip-Up,63.0,0.02,98.2
9195010,Google Men's Discovery Lt. Rain Shell,62.0,0.02,98.27
9196705,Google Yellow YoYo,62.0,0.02,98.25
9196415,Google Beekeepers Tee Mint,60.0,0.02,98.34
9196833,Android Pocket Youth Tee Green,60.0,0.02,98.29
9188193,Google Cloth & Pouch Black,60.0,0.02,98.36
9199079,Google Land & Sea Women's Eco Tee,60.0,0.02,98.3
9196932,Google Cambridge Campus Ladies Tee,60.0,0.02,98.32
9197565,Google PNW Campus Tote,59.0,0.02,98.38
9195076,Google Tee F/C Black,58.0,0.02,98.42
9199168,BLM Unisex Pullover Hoodie,58.0,0.02,98.4
9196425,Stan and Friends Tee Green,56.0,0.02,98.57
9197970,Google Mountain View Campus Ladies Tee,56.0,0.02,98.53
9196448,Google Beekeepers Toddler Tee Pink,56.0,0.02,98.46
9196444,Google Beekeepers Youth Tee Pink,56.0,0.02,98.48
9196454,Google Beekeepers Onesie Pink,56.0,0.02,98.51
9197813,Google Medium Pet Leash (Red/Yellow),56.0,0.02,98.59
9197419,Google SF Campus Ladies Tee,56.0,0.02,98.49
9196987,Google Chicago Campus Ladies Tee,56.0,0.02,98.55
9197597,Google Kirkland Campus Ladies Tee,56.0,0.02,98.44
9199225,Google Land & Sea Mug,55.0,0.02,98.67
9200318,Google Black Cloud Zip Hoodie,55.0,0.02,98.6
9196726,Google Women's Tech Fleece Vest Charcoal,55.0,0.02,98.66
9196923,Google Cambridge Campus Bottle,55.0,0.02,98.64
9195845,Google Pen Grass Green,55.0,0.02,98.62
9197367,Google Boulder Campus Bottle,55.0,0.02,98.69
9195207,Google Tudes Recycled Tee,54.0,0.02,98.71
9196408,Android Garden Tee Orange,52.0,0.02,98.73
9196844,Android Iconic 4&quot; Decal,50.0,0.02,98.74
9195012,Google Women's Discovery Lt. Rain Shell,49.0,0.02,98.76
9195209,Google Tudes Recycled Tee,48.0,0.02,98.78
9196634,Google Red Speckled Tee,48.0,0.02,98.82
9196627,Google Navy Speckled Tee,48.0,0.02,98.81
9196406,Android Garden Tee Orange,48.0,0.02,98.84
9195934,Google Confetti Pen White,48.0,0.02,98.79
9184961,YouTube Women's Favorite Tee White,47.0,0.02,98.85
9196867,Stainless Bent Straw/Cleaner,46.0,0.01,98.88
9197366,Google Boulder Campus Sticker,46.0,0.01,98.87
9188270,Google Tee Grey,45.0,0.01,98.9
9196943,Google Cambridge Campus Sticker,44.0,0.01,98.97
9197424,Google SF Campus Lapel Pin,44.0,0.01,98.91
9196853,Android Iconic Crewneck Sweatshirt,44.0,0.01,98.94
9196619,Google Crewneck Sweatshirt Green,44.0,0.01,98.93
9196852,Android Iconic Crewneck Sweatshirt,44.0,0.01,98.96
9197579,Google Seattle Campus Ladies Tee,42.0,0.01,99.01
9196449,Google Beekeepers Toddler Tee Pink,42.0,0.01,99.09
9196441,Stan and Friends Toddler Tee Green,42.0,0.01,99.04
9196986,Google Chicago Campus Ladies Tee,42.0,0.01,98.98
9197573,Google Seattle Campus Unisex Tee,42.0,0.01,99.08
9196860,Google Recycled Pen Green,42.0,0.01,99.02
9196962,Google NYC Campus Ladies Tee,42.0,0.01,99.0
9197971,Google Mountain View Campus Ladies Tee,42.0,0.01,99.07
9197383,Google LA Campus Unisex Tee,42.0,0.01,99.05
9199077,Google Land & Sea Women's Eco Tee,40.0,0.01,99.12
9195803,YouTube Icon Tee Grey,40.0,0.01,99.13
9196905,#IamRemarkable Unisex T-Shirt,40.0,0.01,99.11
9197003,Google Austin Campus Lapel Pin,39.0,0.01,99.14
9196900,#IamRemarkable Tote,38.0,0.01,99.16
9196730,Google Cotopaxi Shell,38.0,0.01,99.17
9196682,Google Toddler Hero Tee Olive,38.0,0.01,99.18
9197397,Google LA Campus Lapel Pin,36.0,0.01,99.22
9180867,Google Frisbee,36.0,0.01,99.21
9197993,Android Jotter Task Pad,36.0,0.01,99.23
9195554,Google Unisex Eco Tee Black,36.0,0.01,99.19
9195714,Google Women's Eco Tee Black,35.0,0.01,99.24
9196421,Flamingo and Friends Tee Blue,32.0,0.01,99.27
9196409,Android Garden Tee Orange,32.0,0.01,99.32
9196937,Google Cambridge Campus Zip Hoodie,32.0,0.01,99.26
9197983,Google Mountain View Campus Zip Hoodie,32.0,0.01,99.38
9197019,Google Austin Campus Zip Hoodie,32.0,0.01,99.37
9195030,Google Tudes Thermal Bottle,32.0,0.01,99.42
9197357,Google Boulder Campus Zip Hoodie,32.0,0.01,99.45
9196940,Google Cambridge Campus Zip Hoodie,32.0,0.01,99.33
9197979,Google Mountain View Campus Zip Hoodie,32.0,0.01,99.43
9196910,#IamRemarkable Unisex T-Shirt,32.0,0.01,99.25
9195740,Google Dino Game Tee,32.0,0.01,99.3
9196933,Google Cambridge Campus Ladies Tee,32.0,0.01,99.4
9197384,Google LA Campus Zip Hoodie,32.0,0.01,99.44
9196865,Google Bottle Cleaner,32.0,0.01,99.39
9195390,Google Youth F/C Pullover Hoodie,32.0,0.01,99.34
9197980,Google Mountain View Campus Zip Hoodie,32.0,0.01,99.31
9196929,Google Cambridge Campus Unisex Tee,32.0,0.01,99.35
9197404,Google SF Campus Unisex Tee,32.0,0.01,99.29
9196969,Google NYC Campus Zip Hoodie,32.0,0.01,99.28
9197382,Google LA Campus Unisex Tee,32.0,0.01,99.41
9197947,Google Sunnyvale Campus Sticker,31.0,0.01,99.46
9196944,Google Cambridge Campus Tote,30.0,0.01,99.48
9197949,Google Sunnyvale Campus Tote,30.0,0.01,99.47
9184848,Google Tee Red,29.0,0.01,99.5
9197946,Google Mountain View Campus Sticker,29.0,0.01,99.49
9197016,Google Austin Campus Ladies Tee,28.0,0.01,99.59
9197598,Google Kirkland Campus Ladies Tee,28.0,0.01,99.54
9197361,Google Boulder Campus Ladies Tee,28.0,0.01,99.53
9196456,Google Beekeepers Onesie Pink,28.0,0.01,99.62
9197596,Google Kirkland Campus Ladies Tee,28.0,0.01,99.63
9197976,Google Sunnyvale Campus Ladies Tee,28.0,0.01,99.61
9195759,Google Tee Mint Green,28.0,0.01,99.6
9196446,Google Beekeepers Youth Tee Pink,28.0,0.01,99.52
9196455,Google Beekeepers Onesie Pink,28.0,0.01,99.56
9197560,Google PNW Campus Ladies Tee,28.0,0.01,99.58
9197975,Google Sunnyvale Campus Ladies Tee,28.0,0.01,99.57
9197581,Google Seattle Campus Ladies Tee,28.0,0.01,99.51
9196416,Google Beekeepers Tee Mint,28.0,0.01,99.63
9196988,Google Chicago Campus Ladies Tee,28.0,0.01,99.55
9197595,Google Kirkland Campus Unisex Tee,28.0,0.01,99.52
9196920,#IamRemarkable Unisex Hoodie,26.0,0.01,99.64
9196976,Google Chicago Campus Lapel Pin,25.0,0.01,99.65
9196836,Android Pocket Youth Tee Green,25.0,0.01,99.67
9196834,Android Pocket Youth Tee Green,25.0,0.01,99.66
9195888,Unisex Google Jumbo Print Tee White,24.0,0.01,99.68
9197567,Google PNW Campus Sticker,24.0,0.01,99.67
9197602,Google Kirkland Campus Sticker,24.0,0.01,99.72
9196799,Android Iconic Bottle Black,24.0,0.01,99.7
9195213,Google Tudes Recycled Tee,24.0,0.01,99.69
9197364,Google Boulder Campus Tote,24.0,0.01,99.71
9196620,Google Heather Green Speckled Tee,24.0,0.01,99.71
9197584,Google Seattle Campus Lapel Pin,23.0,0.01,99.73
9196804,Android Pocket Tee Green,23.0,0.01,99.74
9196803,Android Pocket Tee Green,23.0,0.01,99.74
9196810,Android Pocket Tee Navy,23.0,0.01,99.75
9196915,#IamRemarkable Ladies T-Shirt,22.0,0.01,99.76
9196713,Google Split Seam Tee Olive,21.0,0.01,99.77
9197566,Google PNW Campus Lapel Pin,21.0,0.01,99.77
9199081,Google Land & Sea Women's Eco Tee,20.0,0.01,99.79
9196837,Android Pocket Youth Tee Green,20.0,0.01,99.79
9197604,Google Bellevue Campus Sticker,20.0,0.01,99.78
9196696,Google Youth Hero Tee Grey,19.0,0.01,99.8
9195793,YouTube Icon Tee Charcoal,18.0,0.01,99.83
9196430,Stan and Friends Tee Green,18.0,0.01,99.82
9188325,Google Tonal Tee Spearmint,18.0,0.01,99.84
9197972,Google Mountain View Campus Ladies Tee,18.0,0.01,99.82
9197564,Google PNW Campus Ladies Tee,18.0,0.01,99.81
9196925,Google Cambridge Campus Unisex Tee,18.0,0.01,99.85
9195800,YouTube Icon Tee Grey,18.0,0.01,99.83
9197562,Google PNW Campus Ladies Tee,18.0,0.01,99.8
9197365,Google Boulder Campus Lapel Pin,17.0,0.01,99.85
9196418,Flamingo and Friends Tee Blue,16.0,0.01,99.86
9195914,Womens Google Striped LS,16.0,0.01,99.88
9195880,Unisex Google Pocket Tee Grey,16.0,0.01,99.87
9196422,Flamingo and Friends Tee Blue,16.0,0.01,99.87
9195878,Unisex Google Pocket Tee Grey,16.0,0.01,99.86
9196921,Google Cambridge Campus Lapel Pin,15.0,0.0,99.88
9197590,Google Kirkland Campus Unisex Tee,14.0,0.0,99.9
9197351,Google Boulder Campus Unisex Tee,14.0,0.0,99.89
9197393,Google LA Campus Ladies Tee,14.0,0.0,99.91
9197348,Google Boulder Campus Unisex Tee,14.0,0.0,99.9
9197345,Google Boulder Campus Unisex Tee,14.0,0.0,99.94
9196439,Stan and Friends Youth Tee Green,14.0,0.0,99.95
9197600,Google Kirkland Campus Ladies Tee,14.0,0.0,99.93
9196963,Google NYC Campus Ladies Tee,14.0,0.0,99.94
9197561,Google PNW Campus Ladies Tee,14.0,0.0,99.89
9196985,Google Chicago Campus Unisex Tee,14.0,0.0,99.93
9195745,Google Mountain View Tee Red,14.0,0.0,99.91
9196450,Google Beekeepers Toddler Tee Pink,14.0,0.0,99.96
9197395,Google LA Campus Ladies Tee,14.0,0.0,99.97
9197360,Google Boulder Campus Ladies Tee,14.0,0.0,99.98
9197563,Google PNW Campus Ladies Tee,14.0,0.0,99.92
9196980,Google Chicago Campus Unisex Tee,14.0,0.0,99.96
9196930,Google Cambridge Campus Unisex Tee,14.0,0.0,99.98
9197711,Google PNW Campus Unisex Tee,14.0,0.0,99.92
9197712,Google PNW Campus Unisex Tee,14.0,0.0,99.97
9195780,Google Women's Ringer Tee,14.0,0.0,99.95
9197006,Google Austin Campus Unisex Tee,14.0,0.0,99.9
9196435,Stan and Friends Onesie Green,14.0,0.0,99.96
9195075,Google Tee F/C Black,12.0,0.0,99.99
9195070,Google Tee F/C Black,12.0,0.0,99.99
9196914,#IamRemarkable Ladies T-Shirt,10.0,0.0,99.99
9197601,Google Kirkland Campus Lapel Pin,6.0,0.0,100.0
9188206,Google Separating Keyring,6.0,0.0,100.0
9188230,Android Flex Journal White,6.0,0.0,100.0
9184832,Google Light Pen Yellow,2.0,0.0,100.0