item_id,item_name,total_revenue,row_number,rank,dense_rank
9195292,Google Canteen Bottle Black,4930.0,1,1,1
9195140,Google Utility BackPack,4752.0,2,2,2
9195130,Google Zip Hoodie F/C,4020.0,3,3,3
9194259,Google Campus Bike,3840.0,4,4,4
9197759,Google Incognito Techpack V2,3563.0,5,5,5
9199130,Super G Unisex Joggers,3072.0,6,6,6
9196652,Google Heathered Pom Beanie,2832.0,7,7,7
9195032,Google Camp Mug Ivory,2756.0,8,8,8
9184916,Google Crewneck Sweatshirt Navy,2618.0,9,9,9
9196606,Google Badge Heavyweight Pullover Black,2528.0,10,10,10
9184915,Google Crewneck Sweatshirt Navy,2508.0,11,11,11
9195841,Google Perk Thermal Tumbler,2496.0,12,12,12
9196717,Google Men's Tech Fleece Vest Charcoal,2459.0,13,13,13
9196765,Google Men's Tech Fleece Grey,2398.0,14,14,14
9199220,Google Land & Sea Cotton Cap,2253.0,15,15,15
9196605,Google Badge Heavyweight Pullover Black,2159.0,16,16,16
9190330,Google Crew Socks,2113.0,17,17,17
9184913,Google Crewneck Sweatshirt Navy,2112.0,18,18,18
9196653,Google Speckled Beanie Navy,2100.0,19,19,19
9188227,Google Flat Front Bag Grey,2076.0,20,20,20
9196759,Google Women's Puff Jacket Black,2047.0,21,21,21
9199131,Super G Unisex Joggers,1918.0,22,22,22
9195709,Google Leather Strap Hat Blue,1794.0,23,23,23
9195031,Google Thermal Tumbler Navy,1779.0,24,24,24
9195830,Google Glass Bottle,1773.0,25,25,25
9196753,Google Men's Puff Jacket Black,1771.0,26,26,26
9196849,Android Iconic Crewneck Sweatshirt,1760.0,27,27,27
9196637,Google Red Speckled Tee,1722.0,28,28,28
9180865,Google Metallic Notebook Set,1702.0,29,29,29
9195127,Google Zip Hoodie F/C,1692.0,30,30,30
9196727,Google Woodtop Bottle Black,1668.0,31,31,31
9195359,Noogler Android Figure,1656.0,32,32,32
9195131,Google Zip Hoodie F/C,1644.0,33,33,33
9195949,Google Crew Combed Cotton Sock,1632.0,34,34,34
9196615,Google Crewneck Sweatshirt Green,1628.0,35,35,35
9196767,Google Men's Tech Fleece Grey,1580.0,36,36,36
9196629,Google Navy Speckled Tee,1506.0,37,37,37
9196616,Google Crewneck Sweatshirt Green,1496.0,38,38,38
9196766,Google Men's Tech Fleece Grey,1492.0,39,39,39
9195971,Google Chrome Dinosaur Collectible,1488.0,40,40,40
9185158,Google Crewneck Sweatshirt Grey,1485.0,41,41,41
9196604,Google Badge Heavyweight Pullover Black,1476.0,42,42,42
9195964,Google Seaport Tote,1464.0,43,43,43
9196875,Google KeepCup,1442.0,44,44,44
9197718,Google Incognito Zip Pack,1418.0,45,45,45
9196676,Google Speckled Beanie Grey,1412.0,46,46,46
9199129,Super G Unisex Joggers,1409.0,47,47,47
9184914,Google Crewneck Sweatshirt Navy,1408.0,48,48,48
9195129,Google Zip Hoodie F/C,1404.0,49,49,49
9196275,Google Soft Modal Scarf,1386.0,50,50,50
9196764,Google Men's Tech Fleece Grey,1386.0,51,50,50
9200320,Google Black Cloud Zip Hoodie,1363.0,52,52,51
9188208,Google Packable Bag Black,1348.0,53,53,52
9200314,Google Camp Mug Gray,1340.0,54,54,53
9200321,Google Black Cloud Zip Hoodie,1336.0,55,55,54
9196755,Google Men's Puff Jacket Black,1334.0,56,56,55
9196850,Android Iconic Crewneck Sweatshirt,1320.0,57,57,56
9196636,Google Red Speckled Tee,1314.0,58,58,57
9196863,Google Hemp Tote,1236.0,59,59,58
9196664,Google Sherpa Zip Hoodie Charcoal,1225.0,60,60,59
9196758,Google Women's Puff Jacket Black,1219.0,61,61,60
9195959,Google Large Tote White,1185.0,62,62,61
9196966,Google NYC Campus Zip Hoodie,1179.0,63,63,62
9196614,Google Crewneck Sweatshirt Green,1177.0,64,64,63
9185002,Google Large Standard Journal Grey,1159.0,65,65,64
9196663,Google Sherpa Zip Hoodie Charcoal,1155.0,66,66,65
9197456,Google Super G Tumbler (Red Lid),1151.0,67,67,66
9196617,Google Crewneck Sweatshirt Green,1133.0,68,68,67
9188203,Google Clear Pen 4-Pack,1125.0,69,69,68
9196628,Google Navy Speckled Tee,1122.0,70,70,69
9188192,YouTube Twill Sandwich Cap Black,1113.0,71,71,70
9196848,Android Iconic Crewneck Sweatshirt,1111.0,72,72,71
9196661,Google Sherpa Zip Hoodie Charcoal,1101.0,73,73,72
9196738,Google Cork Base Tumbler,1098.0,74,74,73
9199224,Google Land & Sea Nalgene Water Bottle,1095.0,75,75,74
9196602,Google Badge Heavyweight Pullover Black,1083.0,76,76,75
9200710,Google Knit Blanket,1069.0,77,77,76
9195948,Google Crew Striped Athletic Sock,1067.0,78,78,77
9199127,Google Blue Stojo Cup,1045.0,79,79,78
9180819,Google Laptop and Cell Phone Stickers,1011.0,80,80,79
9196733,Google Cotopaxi Shell,1008.0,81,81,80
9195741,Google Dino Game Tee,968.0,82,82,81
9196862,Google Black Cork Journal,961.0,83,83,82
9200199,Google Bear Baby Blanket Beige,951.0,84,84,83
9196648,Google Sherpa Zip Hoodie Navy,950.0,85,85,84
9196742,Google Men's Softshell Moss,949.0,86,86,85
9196613,Google Crewneck Sweatshirt Green,935.0,87,87,86
9197720,Google Incognito Dopp Kit V2,927.0,88,88,87
9184917,Google Crewneck Sweatshirt Navy,924.0,89,89,88
9188229,Google 24oz Ring Bottle Blue,919.0,90,90,89
9196967,Google NYC Campus Zip Hoodie,917.0,91,91,90
9185150,Google Women's Microfleece Jacket Black,915.0,92,92,91
9195792,YouTube Icon Tee Charcoal,911.0,93,93,92
9195197,Google F/C Longsleeve Charcoal,906.0,94,94,93
9196869,Google Utensil Set,891.0,95,95,94
9195712,YouTube Leather Strap Hat Black,885.0,96,96,95
9196719,Google Men's Tech Fleece Vest Charcoal,883.0,97,97,96
9196647,Google Sherpa Zip Hoodie Navy,880.0,99,98,97
9195742,Google Dino Game Tee,880.0,98,98,97
9194988,Google Women's Grid Zip-Up,878.0,100,100,98
9195961,Google Campus Bike Mini Backpack,872.0,101,101,99
9196950,Google NYC Campus Mug,853.0,102,102,100
9196754,Google Men's Puff Jacket Black,851.0,104,103,101
9199125,Google Land & Sea Mug,851.0,103,103,101
9195198,Google F/C Longsleeve Charcoal,846.0,105,105,102
9197719,Google Incognito Laptop Organizer,831.0,106,106,103
9199084,Google Land & Sea Journal Set,816.0,107,107,104
9197004,Google Austin Campus Mug,805.0,108,108,105
9195203,Google F/C Longsleeve Ash,798.0,109,109,106
9188221,Google Utility Bag Grey,794.0,110,110,107
9196655,Google Raincoat Navy,792.0,111,111,108
9184981,Google Small Standard Journal Navy,791.0,112,112,109
9195831,Google Campus Bike Bottle,788.0,113,113,110
9196649,Google Sherpa Zip Hoodie Navy,784.0,114,114,111
9195840,YouTube Play Mug,782.0,115,115,112
9196734,Google Cotopaxi Shell,780.0,116,116,113
9195835,Google Campus Bike Corkbase Mug Blue,778.0,117,117,114
9194989,Google Women's Grid Zip-Up,776.0,118,118,115
9200322,Google Black Cloud Zip Hoodie,771.0,119,119,116
9195132,Google Zip Hoodie F/C,768.0,120,120,117
9190334,YouTube Crew Socks,766.0,121,121,118
9195250,Google Toddler FC Zip Hoodie,756.0,122,122,119
9195204,Google F/C Longsleeve Ash,750.0,123,123,120
9195248,Google Toddler FC Zip Hoodie,749.0,124,124,121
9196638,Google Red Speckled Tee,738.0,125,125,122
9195939,Google Campus Bike Grid Task Pad,738.0,126,125,122
9199132,Super G Unisex Joggers,733.0,127,127,123
9196706,Google Cup Cap Tumbler Grey,732.0,128,128,124
9197586,Google Seattle Campus Mug,730.0,129,129,125
9196662,Google Sherpa Zip Hoodie Charcoal,729.0,130,130,126
9195196,Google F/C Longsleeve Charcoal,708.0,131,131,127
9185159,Google Crewneck Sweatshirt Grey,693.0,132,132,128
9195267,Google Incognito Messenger Bag,690.0,134,133,129
9195202,Google F/C Longsleeve Ash,690.0,133,133,129
9196618,Google Crewneck Sweatshirt Green,682.0,135,135,130
9195249,Google Toddler FC Zip Hoodie,679.0,136,136,131
9196384,Google Mural Mug,675.0,137,137,132
9198448,Daddy Works at Google Book,672.0,138,138,133
9199082,Google Land & Sea Tote Bag,664.0,139,139,134
9196716,Google Men's Tech Fleece Vest Charcoal,662.0,140,140,135
9194987,Google Women's Grid Zip-Up,652.0,141,141,136
9188315,Google Magnet,646.0,142,142,137
9196768,Google Men's Tech Fleece Grey,639.0,143,143,138
9195945,Google Campus Bike Tote Navy,635.0,144,144,139
9196380,Google Mural Sticky Note Pad,631.0,145,145,140
9196866,Google ApPeel Journal Red,618.0,146,146,141
9196788,Google Mural Socks,618.0,147,146,141
9195206,Google F/C Longsleeve Ash,606.0,148,148,142
9196902,#IamRemarkable Journal,603.0,149,149,143
9196752,Google Men's Puff Jacket Black,598.0,150,150,144
9200364,White Google Shoreline Bottle,596.0,151,151,145
9196630,Google Navy Speckled Tee,594.0,152,152,146
9185155,Google Crewneck Sweatshirt Grey,583.0,153,153,147
9195912,Womens Google Striped LS,581.0,154,154,148
9196741,Google Men's Softshell Moss,573.0,155,155,149
9195295,Android Techie 3D Framed Art,572.0,156,156,150
9196785,Google Keychain,569.0,157,157,151
9196718,Google Men's Tech Fleece Vest Charcoal,568.0,158,158,152
9200319,Google Black Cloud Zip Hoodie,564.0,159,159,153
9197569,Google PNW Campus Mug,562.0,160,160,154
9195126,Google Zip Hoodie F/C,552.0,161,161,155
9196621,Google Heather Green Speckled Tee,551.0,162,162,156
9196665,Google Sherpa Zip Hoodie Charcoal,550.0,163,163,157
9185157,Google Crewneck Sweatshirt Grey,539.0,164,164,158
9196383,Google Mural Bottle,529.0,165,165,159
9196657,Google Raincoat Navy,528.0,166,166,160
9195928,Google Premium Sunglasses,522.0,167,167,161
9195739,Google Dino Game Tee,520.0,168,168,162
9196608,Google Badge Heavyweight Pullover Black,506.0,169,169,163
9196731,Google Cotopaxi Shell,504.0,170,170,164
9195199,Google F/C Longsleeve Charcoal,498.0,171,171,165
9196737,Google Felt Refillable Journal,494.0,172,172,166
9196631,Google Navy Speckled Tee,492.0,173,173,167
9195738,Google Dino Game Tee,488.0,174,174,168
9195548,Android Buoy Bottle,487.0,175,175,169
9188197,Google See-No Hear-No Set,485.0,176,176,170
9196846,Android Iconic Notebook,484.0,177,177,171
9196756,Google Men's Puff Jacket Black,483.0,178,178,172
9195549,Google Unisex Eco Tee Black,482.0,179,179,173
9196977,Google Chicago Campus Mug,482.0,180,179,173
9196656,Google Raincoat Navy,480.0,181,181,174
9197568,Google PNW Campus Bottle,469.0,182,182,175
9195825,YouTube Standards Zip Hoodie Black,468.0,183,183,176
9195552,Google Unisex Eco Tee Black,463.0,184,184,177
9188210,Google Mesh Bag Red,461.0,185,185,178
9196760,Google Women's Puff Jacket Black,460.0,186,186,179
9196801,Android Iconic Glass Bottle Green,460.0,187,186,179
9196832,Android Pocket Onesie Navy,459.0,188,188,180
9197457,Google Super G Tumbler (Blue Lid),458.0,189,189,181
9196646,Google Sherpa Zip Hoodie Navy,454.0,190,190,182
9196965,Google NYC Campus Zip Hoodie,451.0,191,191,183
9196603,Google Badge Heavyweight Pullover Black,450.0,193,192,184
9185010,Google Bot,450.0,192,192,184
9188201,Google Pen White,450.0,194,192,184
9197951,Google Sunnyvale Campus Mug,443.0,195,195,185
9196800,Android Iconic Mug Gray,443.0,196,195,185
9195205,Google F/C Longsleeve Ash,438.0,197,197,186
9198825,Mural Food Container,437.0,198,198,187
9196901,#IamRemarkable Water Bottle,435.0,199,199,188
9196951,Google NYC Campus Bottle,431.0,200,200,189
9184988,Google Emoji Sticker Pack,430.0,201,201,190
9199205,Google Land & Sea French Terry Sweatshirt,429.0,202,202,191
9197426,Google SF Campus Bottle,427.0,203,203,192
9197707,Google PNW Campus Zip Hoodie,426.0,204,204,193
9196895,Google Cork Passport Holder,426.0,205,204,193
9197400,Google LA Campus Mug,422.0,206,206,194
9195296,Android Super Hero 3D Framed Art,420.0,207,207,195
9195551,Google Unisex Eco Tee Black,416.0,208,208,196
9188234,Google Twill Cap Charcoal,415.0,209,209,197
9200600,Google Bot (Multicolored),414.0,210,210,198
9196274,YouTube Transmission Journal Red,411.0,211,211,199
9195128,Google Zip Hoodie F/C,408.0,212,212,200
9196917,#IamRemarkable Unisex Hoodie,407.0,213,213,201
9188189,Google 16 oz Tumbler Blue,405.0,215,214,202
9185149,Google Women's Microfleece Jacket Black,405.0,214,214,202
9195710,Google Leather Strap Hat Black,405.0,216,214,202
9196843,Android Iconic Backpack,400.0,217,217,203
9195195,Google F/C Longsleeve Charcoal,396.0,218,218,204
9196743,Google Men's Softshell Moss,395.0,219,219,205
9188191,YouTube 25 oz Gear Cap Bottle Black,394.0,222,220,206
9196779,Google Sherpa Vest Black,394.0,221,220,206
9196777,Google Sherpa Vest Black,394.0,220,220,206
9196623,Google Heather Green Speckled Tee,392.0,223,223,207
9196769,Google Men's Tech Fleece Grey,391.0,224,224,208
9196813,Android Pocket Tee Navy,387.0,225,225,209
9198447,Mommy Works at Google Book,384.0,226,226,210
9195962,Essential Canvas Tote,383.0,227,227,211
9197994,YouTube Jotter Task Pad,381.0,228,228,212
9197414,Google SF Campus Zip Hoodie,379.0,229,229,213
9196812,Android Pocket Tee Navy,376.0,230,230,214
9185152,Google Women's Microfleece Jacket Black,375.0,231,231,215
9199737,Super G Unisex Joggers,374.0,232,232,216
9196814,Android Pocket Tee Navy,369.0,233,233,217
9196783,YouTube Iconic Play Pin,368.0,235,234,218
9196761,Google Women's Puff Jacket Black,368.0,234,234,218
9196724,Google Women's Tech Fleece Vest Charcoal,363.0,236,236,219
9196729,Google LoveHandle Black,360.0,238,237,220
9196894,Google Cork Card Holder,360.0,237,237,220
9200323,Google Black Cloud Zip Hoodie,358.0,239,239,221
9196771,Google Women's Tech Fleece Grey,355.0,242,240,222
9180818,Keyboard DOT Sticker,355.0,241,240,222
9195798,YouTube Icon Tee Grey,355.0,240,240,222
9195211,Google Tudes Recycled Tee,354.0,243,243,223
9195237,Google Toddler FC Tee Charcoal,350.0,245,244,224
9199133,Super G Unisex Joggers,350.0,244,244,224
9196735,Google Cotopaxi Shell,342.0,246,246,225
9196671,Google Infant Hero Onesie Grey,340.0,247,247,226
9196855,Android Iconic Hat White,336.0,248,248,227
9196784,Google Emoji Magnet Set,336.0,249,248,227
9196693,Google Youth Hero Tee Grey,333.0,250,250,228
9196720,Google Men's Tech Fleece Vest Charcoal,331.0,253,251,229
9196728,Android Iconic Socks,331.0,252,251,229
9196721,Google Men's Tech Fleece Vest Charcoal,331.0,251,251,229
9196645,Google Sherpa Zip Hoodie Navy,330.0,254,254,230
9195913,Womens Google Striped LS,328.0,255,255,231
9195827,YouTube Standards Zip Hoodie Black,324.0,257,256,232
9195911,Womens Google Striped LS,324.0,256,256,232
9197423,Google SF Campus Tote,321.0,258,258,233
9197412,Google SF Campus Zip Hoodie,321.0,259,258,233
9196854,Android Iconic Hat Green,320.0,260,260,234
9196770,Google Women's Tech Fleece Grey,320.0,261,260,234
9185160,Google Crewneck Sweatshirt Grey,319.0,262,262,235
9196748,Google Women's Softshell Moss,316.0,264,263,236
9196922,Google Cambridge Campus Mug,316.0,265,263,236
9196747,Google Women's Softshell Moss,316.0,263,263,236
9185151,Google Women's Microfleece Jacket Black,315.0,266,266,237
9184912,Google Crewneck Sweatshirt Navy,308.0,267,267,238
9197603,Google Kirkland Campus Mug,307.0,268,268,239
9196939,Google Cambridge Campus Zip Hoodie,306.0,269,269,240
9195550,Google Unisex Eco Tee Black,304.0,270,270,241
9196732,Google Cotopaxi Shell,304.0,272,270,241
9196711,Google Split Seam Tee Olive,304.0,271,270,241
9194990,Google Women's Grid Zip-Up,300.0,273,273,242
9195735,Google Campus Bike Eco Tee Navy,300.0,274,273,242
9196762,Google Women's Puff Jacket Black,299.0,275,275,243
9196856,Android Iconic Hat Black,298.0,278,276,244
9197413,Google SF Campus Zip Hoodie,298.0,277,276,244
9196390,Supernatural Paper Tote,298.0,276,276,244
9180825,Google Sunglasses,291.0,279,279,245
9180827,Google Sunglasses,290.0,280,280,246
9197380,Google LA Campus Unisex Tee,288.0,282,281,247
9196607,Google Badge Heavyweight Pullover Black,288.0,281,281,247
9195918,Google Summer19 Crew Grey,288.0,284,281,247
9188310,Android SM S/F18 Sticker Sheet,288.0,285,281,247
9196624,Google Heather Green Speckled Tee,288.0,283,281,247
9196786,Google Lapel Pin,284.0,286,286,248
9195882,Unisex Google Pocket Tee Grey,284.0,287,286,248
9195919,Google Summer19 Crew Grey,280.0,288,288,249
9184829,Google Light Pen Blue,279.0,289,289,250
9197026,Google Austin Campus Tote,278.0,290,290,251
9197810,Supernatural Paper Backpack,276.0,291,291,252
9196978,Google Chicago Campus Bottle,275.0,292,292,253
9196907,#IamRemarkable Unisex T-Shirt,271.0,293,293,254
9195200,Google F/C Longsleeve Charcoal,270.0,294,294,255
9196857,Android Iconic Beanie,268.0,295,295,256
9196775,Google Sherpa Vest Black,268.0,296,295,256
9195966,Google Clear Framed Yellow Shades,265.0,297,297,257
9196994,Google Chicago Campus Zip Hoodie,265.0,300,297,257
9196938,Google Cambridge Campus Zip Hoodie,265.0,298,297,257
9195238,Google Toddler FC Tee Charcoal,265.0,299,297,257
9196723,Google Women's Tech Fleece Vest Charcoal,264.0,302,301,258
9199201,Google Land & Sea French Terry Sweatshirt,264.0,301,301,258
9196847,Android Iconic Crewneck Sweatshirt,264.0,304,301,258
9196635,Google Red Speckled Tee,264.0,303,301,258
9188198,Google Small Cable Organizer Blue,261.0,305,305,259
9195731,Google Campus Bike Eco Tee Navy,260.0,306,306,260
9195244,Google Infant Charcoal Onesie,260.0,307,306,260
9196858,Google Recycled Writing Set,259.0,308,308,261
9196694,Google Youth Hero Tee Grey,258.0,309,309,262
9196745,Google Men's Softshell Moss,257.0,310,310,263
9197020,Google Austin Campus Zip Hoodie,256.0,312,311,264
9188209,Google Mesh Bag Blue,256.0,311,311,264
9195927,Google Blue Kids Sunglasses,255.0,313,313,265
9200362,Google Cloud Pen,251.0,314,314,266
9195736,Google Campus Bike Eco Tee Navy,250.0,315,315,267
9195226,Google Youth FC Tee Charcoal,250.0,316,315,267
9196389,Supernatural Paper Lunch Sack,247.0,318,317,268
9197368,Google Boulder Campus Mug,247.0,317,317,268
9195231,Google Youth FC Longsleeve Charcoal,246.0,319,319,269
9200364,Google Shoreline Water Bottle,246.0,320,319,269
9195236,Google Toddler FC Tee Charcoal,245.0,321,321,270
9188228,Google 24 oz Ring Bottle Red,243.0,322,322,271
9197592,Google Kirkland Campus Unisex Tee,242.0,323,323,272
9195265,Google Incognito Flap Pack,240.0,324,324,273
9196916,#IamRemarkable Unisex Hoodie,239.0,325,325,274
9196412,Google Beekeepers Tee Mint,238.0,326,326,275
9196993,Google Chicago Campus Zip Hoodie,234.0,327,327,276
9197705,Google PNW Campus Zip Hoodie,233.0,328,328,277
9196427,Stan and Friends Tee Green,232.0,329,329,278
9184830,Google Light Pen Red,232.0,330,329,278
9195247,Google Infant Charcoal Onesie,230.0,331,331,279
9196381,Google Mural Notebook,228.0,332,332,280
9195228,Google Youth FC Tee Charcoal,225.0,333,333,281
9197386,Google LA Campus Zip Hoodie,225.0,334,333,281
9197988,Google Sunnyvale Campus Zip Hoodie,224.0,336,335,282
9197706,Google PNW Campus Zip Hoodie,224.0,335,335,282
9196699,Google Youth Hero Tee Maroon,224.0,338,335,282
9196891,Google Medium Pet Leash (Blue/Green),224.0,340,335,282
9197986,Google Sunnyvale Campus Zip Hoodie,224.0,339,335,282
9197021,Google Austin Campus Zip Hoodie,224.0,337,335,282
9195967,Google Clear Framed Blue Shades,223.0,342,341,283
9180826,Google Sunglasses,223.0,341,341,283
9195968,Google Clear Framed Gray Shades,222.0,344,343,284
9195229,Google Youth FC Longsleeve Charcoal,222.0,343,343,284
9196780,Google Sherpa Vest Black,221.0,346,345,285
9185146,Google Mens Microfleece Jacket Black,221.0,345,345,285
9195263,Google Toddler FC Tee Charcoal,220.0,347,347,286
9196805,Android Pocket Tee Green,219.0,348,348,287
9196918,#IamRemarkable Unisex Hoodie,219.0,349,348,287
9195936,Google Color Block Notebook,218.0,350,350,288
9195230,Google Youth FC Longsleeve Charcoal,216.0,351,351,289
9196709,Google Split Seam Tee Olive,215.0,352,352,290
9195227,Google Youth FC Tee Charcoal,215.0,353,352,290
9195801,YouTube Icon Tee Grey,214.0,354,354,291
9197713,Google PNW Campus Unisex Tee,214.0,355,354,291
9180823,Google Mini Kick Ball,213.0,356,356,292
9195937,Google Confetti Task Pad,211.0,357,357,293
9197814,Google Large Pet Leash (Red/Yellow),210.0,361,358,294
9197387,Google LA Campus Zip Hoodie,210.0,358,358,294
9196870,Google Sustainable Pencil Pouch,210.0,359,358,294
9195791,YouTube Icon Tee Charcoal,210.0,360,358,294
9195946,Google Campus Bike Carry Pouch,207.0,363,362,295
9184749,Android Large Removable Sticker Sheet,207.0,362,362,295
9195245,Google Infant Charcoal Onesie,205.0,364,364,296
9184831,Google Light Pen Green,205.0,365,364,296
9188207,Google Laptop Sleeve Charcoal,204.0,367,366,297
9184850,Google Tee Yellow,204.0,366,366,297
9196892,Google Large Pet Leash (Blue/Green),203.0,368,368,298
9181149,Gift Card - $25.00,200.0,370,369,299
9195246,Google Infant Charcoal Onesie,200.0,369,369,299
9195201,Google F/C Longsleeve Ash,198.0,371,371,300
9195938,Google Confetti Slim Task Pad,197.0,372,372,301
9196806,Android Pocket Tee Green,196.0,373,373,302
9196889,Google Medium Pet Collar (Blue/Green),196.0,374,373,302
9195794,YouTube Icon Tee Charcoal,195.0,375,375,303
9197005,Google Austin Campus Bottle,194.0,376,376,304
9196861,Google Cork Journal,194.0,377,376,304
9196666,Google Sherpa Zip Hoodie Charcoal,193.0,378,378,305
9196654,Google Raincoat Navy,192.0,379,379,306
9195881,Unisex Google Pocket Tee Grey,192.0,380,379,306
9200344,Google Chrome Dino Light Up Water Bottle,191.0,381,381,307
9195294,Snowflake Android Cardboard Sculpture,190.0,382,382,308
9195802,YouTube Icon Tee Grey,186.0,383,383,309
9196757,Google Men's Puff Jacket Black,184.0,384,384,310
9184842,Google Tee Red,183.0,385,385,311
9184979,Android Large Trace Journal Black,181.0,386,386,312
9180842,Maze Pen,180.0,387,387,313
9200324,Google Black Cloud Zip Hoodie,179.0,388,388,314
9196968,Google NYC Campus Zip Hoodie,178.0,389,389,315
9196830,Android Pocket Onesie Navy,178.0,390,389,315
9188194,Google Mouse Pad Navy,177.0,391,391,316
9196270,Google Mural Sticker Sheet,176.0,393,392,317
9196864,Google Cork Pencil Pouch,176.0,392,392,317
9196851,Android Iconic Crewneck Sweatshirt,176.0,394,392,317
9200316,Google Aluminum Bottle Red,175.0,395,395,318
9188311,Android Lumberjack Pin,174.0,396,396,319
9197347,Google Boulder Campus Unisex Tee,172.0,397,397,320
9188233,Google Phone Stand Bamboo,169.0,398,398,321
9196995,Google Chicago Campus Zip Hoodie,169.0,399,398,321
9196890,Google Large Pet Collar (Blue/Green),168.0,402,400,322
9196437,Stan and Friends Youth Tee Green,168.0,403,400,322
9196872,Google Felt Luggage Tag,168.0,401,400,322
9196710,Google Split Seam Tee Olive,168.0,400,400,322
9195942,Google Confetti Accessory Pouch,167.0,404,404,323
9196811,Android Pocket Tee Navy,167.0,405,404,323
9195799,YouTube Icon Tee Grey,166.0,406,406,324
9196691,Google Youth Badge Tee Olive,166.0,407,406,324
9196650,Google Sherpa Zip Hoodie Navy,165.0,408,408,325
9184866,Google Tee Blue,163.0,410,409,326
9196782,Google Maps Pin,163.0,409,409,326
9196822,Android Pocket Toddler Tee Navy,162.0,411,411,327
9196695,Google Youth Hero Tee Grey,162.0,413,411,327
9197420,Google SF Campus Ladies Tee,162.0,412,411,327
9197356,Google Boulder Campus Zip Hoodie,160.0,414,414,328
9197989,Google Sunnyvale Campus Zip Hoodie,160.0,415,414,328
9196749,Google Women's Softshell Moss,158.0,417,416,329
9197372,Google Infant Hero Tee Olive,158.0,419,416,329
9197379,Google LA Campus Unisex Tee,158.0,420,416,329
9197953,Google Sunnyvale Campus Bottle,158.0,416,416,329
9196740,Google Men's Softshell Moss,158.0,418,416,329
9196698,Google Youth Hero Tee Maroon,157.0,421,421,330
9196824,Android Pocket Toddler Tee Navy,154.0,422,422,331
9197939,Google Decal,153.0,424,423,332
9196908,#IamRemarkable Unisex T-Shirt,153.0,423,423,332
9196736,Google Cotopaxi Shell,152.0,425,425,333
9196712,Google Split Seam Tee Olive,152.0,426,425,333
9181151,Gift Card - $50.00,150.0,428,427,334
9194986,Google Women's Grid Zip-Up,150.0,427,427,334
9196382,Google Mural Tote,148.0,431,429,335
9196413,Google Beekeepers Tee Mint,148.0,430,429,335
9195879,Unisex Google Pocket Tee Grey,148.0,429,429,335
9184858,Google Tee Green,146.0,432,432,336
9196840,Android Pocket Youth Tee Navy,145.0,433,433,337
9197373,Google Infant Hero Tee Olive,144.0,436,434,338
9195251,Google Youth FC Zip Hoodie,144.0,434,434,338
9196419,Flamingo and Friends Tee Blue,144.0,435,434,338
9185156,Google Crewneck Sweatshirt Grey,143.0,439,437,339
9196831,Android Pocket Onesie Navy,143.0,437,437,339
9196829,Android Pocket Onesie Navy,143.0,440,437,339
9196642,Google Toddler Tee White,143.0,438,437,339
9188256,Google Women's Black Tee,142.0,441,441,340
9195553,Google Unisex Eco Tee Black,142.0,444,441,340
9196859,Google Recycled Pen Black,142.0,443,441,340
9196772,Google Women's Tech Fleece Grey,142.0,442,441,340
9195797,YouTube Icon Tee Grey,141.0,445,445,341
9197969,Google Mountain View Campus Ladies Tee,140.0,446,446,342
9197811,Google Medium Pet Collar (Red/Yellow),140.0,447,446,342
9197974,Google Sunnyvale Campus Ladies Tee,140.0,448,446,342
9196644,Google Toddler Tee White,138.0,451,449,343
9196714,Google Totepak,138.0,449,449,343
9196643,Google Toddler Tee White,138.0,450,449,343
9197385,Google LA Campus Zip Hoodie,137.0,454,452,344
9195926,Google Red Kids Sunglasses,137.0,455,452,344
9197708,Google PNW Campus Zip Hoodie,137.0,453,452,344
9196874,Google Felt Strap Keyring,137.0,452,452,344
9184980,Android Small Trace Journal Black,135.0,457,456,345
9196893,Google Cork Key Ring,135.0,456,456,345
9197370,Google Infant Hero Tee Olive,134.0,458,458,346
9196414,Google Beekeepers Tee Mint,134.0,459,458,346
9197963,Google Sunnyvale Campus Unisex Tee,134.0,460,458,346
9199203,Google Land & Sea French Terry Sweatshirt,132.0,462,461,347
9196722,Google Women's Tech Fleece Vest Charcoal,132.0,461,461,347
9199204,Google Land & Sea French Terry Sweatshirt,132.0,463,461,347
9196823,Android Pocket Toddler Tee Navy,131.0,464,464,348
9196960,Google NYC Campus Ladies Tee,130.0,466,465,349
9196451,Google Beekeepers Toddler Tee Pink,130.0,467,465,349
9196868,Stainless Straight Straw/Cleaner,130.0,465,465,349
9196906,#IamRemarkable Unisex T-Shirt,129.0,468,468,350
9196420,Flamingo and Friends Tee Blue,128.0,475,469,351
9197981,Google Mountain View Campus Zip Hoodie,128.0,472,469,351
9197354,Google Boulder Campus Zip Hoodie,128.0,469,469,351
9196970,Google NYC Campus Zip Hoodie,128.0,470,469,351
9197978,Google Mountain View Campus Zip Hoodie,128.0,474,469,351
9197987,Google Sunnyvale Campus Zip Hoodie,128.0,471,469,351
9197355,Google Boulder Campus Zip Hoodie,128.0,473,469,351
9196692,Google Youth Badge Tee Olive,127.0,476,476,352
9195846,Google Pen Citron,126.0,477,477,353
9196953,Google NYC Campus Unisex Tee,126.0,479,477,353
9196776,Google Sherpa Vest Black,126.0,478,477,353
9196433,Stan and Friends Onesie Green,126.0,481,477,353
9196452,Google Beekeepers Onesie Pink,126.0,480,477,353
9196268,Google Large White Gift Bag 5/PK,125.0,483,482,354
9199126,Google Land & Sea Tech Taco,125.0,482,482,354
9196428,Stan and Friends Tee Green,124.0,484,484,355
9196913,#IamRemarkable Ladies T-Shirt,123.0,485,485,356
9196689,Google Youth Badge Tee Olive,121.0,486,486,357
9195225,Google Youth FC Tee Charcoal,120.0,487,487,358
9196687,Google Youth Badge Tee Navy,120.0,489,487,358
9196407,Android Garden Tee Orange,120.0,488,487,358
9197391,Google LA Campus Ladies Tee,120.0,490,487,358
9197812,Google Large Pet Collar (Red/Yellow),119.0,491,491,359
9196700,Google Youth Hero Tee Maroon,119.0,492,491,359
9196926,Google Cambridge Campus Unisex Tee,116.0,493,493,360
9196981,Google Chicago Campus Unisex Tee,116.0,495,493,360
9196429,Stan and Friends Tee Green,116.0,494,493,360
9197415,Google SF Campus Zip Hoodie,114.0,496,496,361
9196681,Google Toddler Hero Tee Olive,114.0,497,496,361
9197399,Google LA Campus Bottle,113.0,499,498,362
9194991,Google Women's Grid Zip-Up,113.0,498,498,362
9190336,YouTube Small Sticker Sheet,112.0,501,500,363
9196445,Google Beekeepers Youth Tee Pink,112.0,502,500,363
9197371,Google Infant Hero Tee Olive,112.0,503,500,363
9196959,Google NYC Campus Ladies Tee,112.0,500,500,363
9196688,Google Youth Badge Tee Navy,110.0,506,504,364
9196841,Android Pocket Youth Tee Navy,110.0,504,504,364
9185161,Google Crewneck Sweatshirt Grey,110.0,505,504,364
9196821,Android Pocket Toddler Tee Navy,109.0,507,507,365
9195252,Google Youth FC Zip Hoodie,108.0,508,508,366
9196845,Android Iconic Sticker Sheet,107.0,509,509,367
9195842,Google Pen Bright Blue,106.0,511,510,368
9196237,Android Puzzlebot v2,106.0,510,510,368
9196690,Google Youth Badge Tee Olive,105.0,513,512,369
9196685,Google Youth Badge Tee Navy,105.0,514,512,369
9188231,Google Recycled Notebook Set Natural,105.0,512,512,369
9195744,Google Dino Game Tee,104.0,515,515,370
9197392,Google LA Campus Ladies Tee,102.0,522,516,371
9196411,Google Beekeepers Tee Mint,102.0,521,516,371
9196442,Stan and Friends Toddler Tee Green,102.0,517,516,371
9197405,Google SF Campus Unisex Tee,102.0,516,516,371
9197381,Google LA Campus Unisex Tee,102.0,520,516,371
9197955,Google Mountain View Campus Unisex Tee,102.0,518,516,371
9196432,Stan and Friends Onesie Green,102.0,519,516,371
9181148,Gift Card- $100.00,100.0,524,523,372
9197396,Google LA Campus Tote,100.0,523,523,372
9199207,Google Land & Sea French Terry Sweatshirt,99.0,526,525,373
9196744,Google Men's Softshell Moss,99.0,525,525,373
9195790,YouTube Icon Tee Charcoal,98.0,529,527,374
9197015,Google Austin Campus Ladies Tee,98.0,533,527,374
9195016,Google Women's Discovery Lt. Rain Shell,98.0,532,527,374
9195017,Google Women's Discovery Lt. Rain Shell,98.0,534,527,374
9196443,Stan and Friends Toddler Tee Green,98.0,527,527,374
9195011,Google Men's Discovery Lt. Rain Shell,98.0,531,527,374
9197591,Google Kirkland Campus Unisex Tee,98.0,530,527,374
9196961,Google NYC Campus Ladies Tee,98.0,528,527,374
9195883,Unisex Google Pocket Tee Grey,96.0,540,535,375
9195826,YouTube Standards Zip Hoodie Black,96.0,537,535,375
9195910,Womens Google Striped LS,96.0,539,535,375
9196686,Google Youth Badge Tee Navy,96.0,538,535,375
9195208,Google Tudes Recycled Tee,96.0,541,535,375
9196964,Google NYC Campus Zip Hoodie,96.0,542,535,375
9197985,Google Sunnyvale Campus Zip Hoodie,96.0,535,535,375
9197041,Google Toddler Hero Tee Black,96.0,536,535,375
9196683,Google Toddler Hero Tee Olive,95.0,544,543,376
9196641,Google Toddler Tee White,95.0,543,543,376
9197040,Google Toddler Hero Tee Black,92.0,546,545,377
9195908,Youth Jumbo Print Tee White,92.0,545,545,377
9196835,Android Pocket Youth Tee Green,90.0,547,547,378
9188264,Google Tee Grey,90.0,548,547,378
9196703,Google Red YoYo,89.0,550,549,379
9188314,Android Hipster Pin,89.0,551,549,379
9195847,Google Pen Red,89.0,549,549,379
9196725,Google Women's Tech Fleece Vest Charcoal,88.0,552,552,380
9195555,Google Unisex Eco Tee Black,88.0,553,552,380
9196423,Flamingo and Friends Tee Blue,88.0,557,552,380
9199206,Google Land & Sea French Terry Sweatshirt,88.0,554,552,380
9196704,Google Blue YoYo,88.0,555,552,380
9196440,Stan and Friends Toddler Tee Green,88.0,556,552,380
9196904,#IamRemarkable Lapel Pin,86.0,558,558,381
9188333,Google Tonal Tee Coral,85.0,560,559,382
9195844,Google Pen Lilac,85.0,559,559,382
9196269,Google Pride Sticker,84.0,562,561,383
9196798,Android Iconic Pen,84.0,561,561,383
9197968,Google Mountain View Campus Ladies Tee,84.0,564,561,383
9196426,Stan and Friends Tee Green,84.0,563,561,383
9197042,Google Toddler Hero Tee Black,83.0,565,565,384
9195843,Google Pen Neon Coral,82.0,566,566,385
9196912,#IamRemarkable Ladies T-Shirt,82.0,569,566,385
9197329,#IamRemarkable Pen,82.0,568,566,385
9197585,Google Seattle Campus Sticker,82.0,567,566,385
9196909,#IamRemarkable Unisex T-Shirt,81.0,571,570,386
9195941,Google Striped Penny Pouch,81.0,570,570,386
9195796,YouTube Icon Tee Charcoal,80.0,575,572,387
9195737,Google Campus Bike Eco Tee Navy,80.0,573,572,387
9197992,Google Jotter Task Pad,80.0,574,572,387
9196949,Google NYC Campus Lapel Pin,80.0,572,572,387
9196746,Google Women's Softshell Moss,79.0,576,576,388
9197039,Google Toddler Hero Tee Black,78.0,577,577,389
9195907,Youth Jumbo Print Tee White,78.0,578,577,389
9196919,#IamRemarkable Unisex Hoodie,78.0,579,577,389
9195920,Google Summer19 Crew Grey,78.0,580,577,389
9197398,Google LA Campus Sticker,76.0,587,581,390
9184856,Google Tee Yellow,76.0,588,581,390
9196896,Google Cork Tablet Case,76.0,586,581,390
9196285,Google Women's Pride Eco-Tee Black,76.0,585,581,390
9196971,Google NYC Campus Sticker,76.0,583,581,390
9196684,Google Toddler Hero Tee Olive,76.0,581,581,390
9188200,Google Pen Grey,76.0,584,581,390
9195795,YouTube Icon Tee Charcoal,76.0,582,581,390
9196807,Android Pocket Tee Green,75.0,589,589,391
9196286,Google Women's Pride Eco-Tee Black,75.0,590,589,391
9197973,Google Sunnyvale Campus Ladies Tee,74.0,592,591,392
9196438,Stan and Friends Youth Tee Green,74.0,595,591,392
9196453,Google Beekeepers Onesie Pink,74.0,594,591,392
9197359,Google Boulder Campus Ladies Tee,74.0,591,591,392
9197962,Google Sunnyvale Campus Unisex Tee,74.0,593,591,392
9197388,Google LA Campus Zip Hoodie,73.0,596,596,393
9196639,Google Red Speckled Tee,72.0,597,597,394
9196773,Google Women's Tech Fleece Grey,71.0,598,598,395
9188313,Android Geek Pin,71.0,600,598,395
9196999,Google Chicago Campus Tote,71.0,599,598,395
9197346,Google Boulder Campus Unisex Tee,70.0,604,601,396
9197007,Google Austin Campus Unisex Tee,70.0,601,601,396
9195024,Google Women's Kirkland Pullover,70.0,602,601,396
9196434,Stan and Friends Onesie Green,70.0,603,601,396
9196815,Android Pocket Tee Navy,69.0,605,605,397
9195909,Youth Jumbo Print Tee White,67.0,606,606,398
9196267,Google Small White Gift Bag 5/PK,65.0,607,607,399
9196404,Android Garden Tee Orange,65.0,610,607,399
9196839,Android Pocket Youth Tee Navy,65.0,608,607,399
9196871,Google Tech Taco,65.0,609,607,399
9197018,Google Austin Campus Zip Hoodie,64.0,615,611,400
9197022,Google Austin Campus Zip Hoodie,64.0,614,611,400
9195389,Google Youth F/C Pullover Hoodie,64.0,612,611,400
9195765,Google Tee Mint Green,64.0,611,611,400
9197982,Google Mountain View Campus Zip Hoodie,64.0,617,611,400
9197990,Google Sunnyvale Campus Zip Hoodie,64.0,616,611,400
9196405,Android Garden Tee Orange,64.0,613,611,400
9196802,Android Iconic Pin,63.0,618,618,401
9194992,Google Women's Grid Zip-Up,63.0,619,618,401
9196778,Google Sherpa Vest Black,63.0,620,618,401
9196705,Google Yellow YoYo,62.0,621,621,402
9195010,Google Men's Discovery Lt. Rain Shell,62.0,622,621,402
9196833,Android Pocket Youth Tee Green,60.0,624,623,403
9196415,Google Beekeepers Tee Mint,60.0,623,623,403
9188193,Google Cloth & Pouch Black,60.0,627,623,403
9196932,Google Cambridge Campus Ladies Tee,60.0,626,623,403
9199079,Google Land & Sea Women's Eco Tee,60.0,625,623,403
9197565,Google PNW Campus Tote,59.0,628,628,404
9195076,Google Tee F/C Black,58.0,629,629,405
9199168,BLM Unisex Pullover Hoodie,58.0,630,629,405
9196454,Google Beekeepers Onesie Pink,56.0,631,631,406
9197419,Google SF Campus Ladies Tee,56.0,637,631,406
9197813,Google Medium Pet Leash (Red/Yellow),56.0,639,631,406
9197597,Google Kirkland Campus Ladies Tee,56.0,636,631,406
9196444,Google Beekeepers Youth Tee Pink,56.0,638,631,406
9196987,Google Chicago Campus Ladies Tee,56.0,634,631,406
9197970,Google Mountain View Campus Ladies Tee,56.0,632,631,406
9196448,Google Beekeepers Toddler Tee Pink,56.0,635,631,406
9196425,Stan and Friends Tee Green,56.0,633,631,406
9196923,Google Cambridge Campus Bottle,55.0,640,640,407
9200318,Google Black Cloud Zip Hoodie,55.0,644,640,407
9195845,Google Pen Grass Green,55.0,641,640,407
9196726,Google Women's Tech Fleece Vest Charcoal,55.0,643,640,407
9199225,Google Land & Sea Mug,55.0,645,640,407
9197367,Google Boulder Campus Bottle,55.0,642,640,407
9195207,Google Tudes Recycled Tee,54.0,646,646,408
9196408,Android Garden Tee Orange,52.0,647,647,409
9196844,Android Iconic 4&quot; Decal,50.0,648,648,410
9195012,Google Women's Discovery Lt. Rain Shell,49.0,649,649,411
9195934,Google Confetti Pen White,48.0,653,650,412
9196634,Google Red Speckled Tee,48.0,652,650,412
9195209,Google Tudes Recycled Tee,48.0,651,650,412
9196406,Android Garden Tee Orange,48.0,650,650,412
9196627,Google Navy Speckled Tee,48.0,654,650,412
9184961,YouTube Women's Favorite Tee White,47.0,655,655,413
9197366,Google Boulder Campus Sticker,46.0,656,656,414
9196867,Stainless Bent Straw/Cleaner,46.0,657,656,414
9188270,Google Tee Grey,45.0,658,658,415
9197424,Google SF Campus Lapel Pin,44.0,662,659,416
9196619,Google Crewneck Sweatshirt Green,44.0,660,659,416
9196852,Android Iconic Crewneck Sweatshirt,44.0,663,659,416
9196943,Google Cambridge Campus Sticker,44.0,659,659,416
9196853,Android Iconic Crewneck Sweatshirt,44.0,661,659,416
9196962,Google NYC Campus Ladies Tee,42.0,670,664,417
9197971,Google Mountain View Campus Ladies Tee,42.0,668,664,417
9196449,Google Beekeepers Toddler Tee Pink,42.0,667,664,417
9197383,Google LA Campus Unisex Tee,42.0,669,664,417
9196986,Google Chicago Campus Ladies Tee,42.0,671,664,417
9196860,Google Recycled Pen Green,42.0,665,664,417
9197579,Google Seattle Campus Ladies Tee,42.0,664,664,417
9196441,Stan and Friends Toddler Tee Green,42.0,666,664,417
9197573,Google Seattle Campus Unisex Tee,42.0,672,664,417
9195803,YouTube Icon Tee Grey,40.0,675,673,418
9199077,Google Land & Sea Women's Eco Tee,40.0,674,673,418
9196905,#IamRemarkable Unisex T-Shirt,40.0,673,673,418
9197003,Google Austin Campus Lapel Pin,39.0,676,676,419
9196900,#IamRemarkable Tote,38.0,677,677,420
9196682,Google Toddler Hero Tee Olive,38.0,679,677,420
9196730,Google Cotopaxi Shell,38.0,678,677,420
9195554,Google Unisex Eco Tee Black,36.0,681,680,421
9197993,Android Jotter Task Pad,36.0,680,680,421
9180867,Google Frisbee,36.0,682,680,421
9197397,Google LA Campus Lapel Pin,36.0,683,680,421
9195714,Google Women's Eco Tee Black,35.0,684,684,422
9195390,Google Youth F/C Pullover Hoodie,32.0,701,685,423
9197980,Google Mountain View Campus Zip Hoodie,32.0,696,685,423
9196933,Google Cambridge Campus Ladies Tee,32.0,697,685,423
9196937,Google Cambridge Campus Zip Hoodie,32.0,693,685,423
9196969,Google NYC Campus Zip Hoodie,32.0,688,685,423
9197019,Google Austin Campus Zip Hoodie,32.0,686,685,423
9196929,Google Cambridge Campus Unisex Tee,32.0,685,685,423
9196421,Flamingo and Friends Tee Blue,32.0,699,685,423
9197382,Google LA Campus Unisex Tee,32.0,703,685,423
9195030,Google Tudes Thermal Bottle,32.0,692,685,423
9196409,Android Garden Tee Orange,32.0,704,685,423
9197983,Google Mountain View Campus Zip Hoodie,32.0,687,685,423
9197357,Google Boulder Campus Zip Hoodie,32.0,690,685,423
9195740,Google Dino Game Tee,32.0,694,685,423
9197979,Google Mountain View Campus Zip Hoodie,32.0,700,685,423
9196910,#IamRemarkable Unisex T-Shirt,32.0,702,685,423
9197384,Google LA Campus Zip Hoodie,32.0,689,685,423
9197404,Google SF Campus Unisex Tee,32.0,695,685,423
9196940,Google Cambridge Campus Zip Hoodie,32.0,698,685,423
9196865,Google Bottle Cleaner,32.0,691,685,423
9197947,Google Sunnyvale Campus Sticker,31.0,705,705,424
9197949,Google Sunnyvale Campus Tote,30.0,706,706,425
9196944,Google Cambridge Campus Tote,30.0,707,706,425
9197946,Google Mountain View Campus Sticker,29.0,708,708,426
9184848,Google Tee Red,29.0,709,708,426
9197560,Google PNW Campus Ladies Tee,28.0,722,710,427
9196416,Google Beekeepers Tee Mint,28.0,716,710,427
9196456,Google Beekeepers Onesie Pink,28.0,711,710,427
9197598,Google Kirkland Campus Ladies Tee,28.0,712,710,427
9196455,Google Beekeepers Onesie Pink,28.0,721,710,427
9197596,Google Kirkland Campus Ladies Tee,28.0,724,710,427
9197976,Google Sunnyvale Campus Ladies Tee,28.0,713,710,427
9197581,Google Seattle Campus Ladies Tee,28.0,710,710,427
9197975,Google Sunnyvale Campus Ladies Tee,28.0,719,710,427
9197361,Google Boulder Campus Ladies Tee,28.0,718,710,427
9195759,Google Tee Mint Green,28.0,715,710,427
9197595,Google Kirkland Campus Unisex Tee,28.0,723,710,427
9197016,Google Austin Campus Ladies Tee,28.0,714,710,427
9196988,Google Chicago Campus Ladies Tee,28.0,720,710,427
9196446,Google Beekeepers Youth Tee Pink,28.0,717,710,427
9196920,#IamRemarkable Unisex Hoodie,26.0,725,725,428
9196836,Android Pocket Youth Tee Green,25.0,728,726,429
9196976,Google Chicago Campus Lapel Pin,25.0,727,726,429
9196834,Android Pocket Youth Tee Green,25.0,726,726,429
9196799,Android Iconic Bottle Black,24.0,734,729,430
9196620,Google Heather Green Speckled Tee,24.0,731,729,430
9197602,Google Kirkland Campus Sticker,24.0,735,729,430
9197364,Google Boulder Campus Tote,24.0,729,729,430
9195213,Google Tudes Recycled Tee,24.0,732,729,430
9195888,Unisex Google Jumbo Print Tee White,24.0,733,729,430
9197567,Google PNW Campus Sticker,24.0,730,729,430
9196810,Android Pocket Tee Navy,23.0,737,736,431
9197584,Google Seattle Campus Lapel Pin,23.0,739,736,431
9196803,Android Pocket Tee Green,23.0,736,736,431
9196804,Android Pocket Tee Green,23.0,738,736,431
9196915,#IamRemarkable Ladies T-Shirt,22.0,740,740,432
9197566,Google PNW Campus Lapel Pin,21.0,742,741,433
9196713,Google Split Seam Tee Olive,21.0,741,741,433
9196837,Android Pocket Youth Tee Green,20.0,745,743,434
9197604,Google Bellevue Campus Sticker,20.0,743,743,434
9199081,Google Land & Sea Women's Eco Tee,20.0,744,743,434
9196696,Google Youth Hero Tee Grey,19.0,746,746,435
9197972,Google Mountain View Campus Ladies Tee,18.0,754,747,436
9196925,Google Cambridge Campus Unisex Tee,18.0,752,747,436
9195793,YouTube Icon Tee Charcoal,18.0,750,747,436
9196430,Stan and Friends Tee Green,18.0,753,747,436
9197562,Google PNW Campus Ladies Tee,18.0,747,747,436
9195800,YouTube Icon Tee Grey,18.0,751,747,436
9188325,Google Tonal Tee Spearmint,18.0,749,747,436
9197564,Google PNW Campus Ladies Tee,18.0,748,747,436
9197365,Google Boulder Campus Lapel Pin,17.0,755,755,437
9196418,Flamingo and Friends Tee Blue,16.0,759,756,438
9195878,Unisex Google Pocket Tee Grey,16.0,760,756,438
9195880,Unisex Google Pocket Tee Grey,16.0,758,756,438
9195914,Womens Google Striped LS,16.0,757,756,438
9196422,Flamingo and Friends Tee Blue,16.0,756,756,438
9196921,Google Cambridge Campus Lapel Pin,15.0,761,761,439
9197345,Google Boulder Campus Unisex Tee,14.0,762,762,440
9196980,Google Chicago Campus Unisex Tee,14.0,764,762,440
9195745,Google Mountain View Tee Red,14.0,763,762,440
9197348,Google Boulder Campus Unisex Tee,14.0,775,762,440
9196439,Stan and Friends Youth Tee Green,14.0,774,762,440
9197393,Google LA Campus Ladies Tee,14.0,776,762,440
9196435,Stan and Friends Onesie Green,14.0,765,762,440
9197711,Google PNW Campus Unisex Tee,14.0,773,762,440
9196963,Google NYC Campus Ladies Tee,14.0,779,762,440
9197712,Google PNW Campus Unisex Tee,14.0,778,762,440
9195780,Google Women's Ringer Tee,14.0,766,762,440
9197563,Google PNW Campus Ladies Tee,14.0,781,762,440
9196930,Google Cambridge Campus Unisex Tee,14.0,771,762,440
9197351,Google Boulder Campus Unisex Tee,14.0,772,762,440
9197600,Google Kirkland Campus Ladies Tee,14.0,767,762,440
9197006,Google Austin Campus Unisex Tee,14.0,770,762,440
9197590,Google Kirkland Campus Unisex Tee,14.0,783,762,440
9196450,Google Beekeepers Toddler Tee Pink,14.0,768,762,440
9197360,Google Boulder Campus Ladies Tee,14.0,777,762,440
9196985,Google Chicago Campus Unisex Tee,14.0,782,762,440
9197561,Google PNW Campus Ladies Tee,14.0,769,762,440
9197395,Google LA Campus Ladies Tee,14.0,780,762,440
9195075,Google Tee F/C Black,12.0,784,784,441
9195070,Google Tee F/C Black,12.0,785,784,441
9196914,#IamRemarkable Ladies T-Shirt,10.0,786,786,442
9197601,Google Kirkland Campus Lapel Pin,6.0,789,787,443
9188230,Android Flex Journal White,6.0,787,787,443
9188206,Google Separating Keyring,6.0,788,787,443
9184832,Google Light Pen Yellow,2.0,790,790,444