item_id,item_name,total_revenue,revenue_contribution_pct
9195292,Google Canteen Bottle Black,4930.0,1.61
9195140,Google Utility BackPack,4752.0,1.55
9195130,Google Zip Hoodie F/C,4020.0,1.31
9194259,Google Campus Bike,3840.0,1.25
9197759,Google Incognito Techpack V2,3563.0,1.16
9199130,Super G Unisex Joggers,3072.0,1.0
9196652,Google Heathered Pom Beanie,2832.0,0.92
9195032,Google Camp Mug Ivory,2756.0,0.9
9184916,Google Crewneck Sweatshirt Navy,2618.0,0.85
9196606,Google Badge Heavyweight Pullover Black,2528.0,0.82
9184915,Google Crewneck Sweatshirt Navy,2508.0,0.82
9195841,Google Perk Thermal Tumbler,2496.0,0.81
9196717,Google Men's Tech Fleece Vest Charcoal,2459.0,0.8
9196765,Google Men's Tech Fleece Grey,2398.0,0.78
9199220,Google Land & Sea Cotton Cap,2253.0,0.73
9196605,Google Badge Heavyweight Pullover Black,2159.0,0.7
9190330,Google Crew Socks,2113.0,0.69
9184913,Google Crewneck Sweatshirt Navy,2112.0,0.69
9196653,Google Speckled Beanie Navy,2100.0,0.68
9188227,Google Flat Front Bag Grey,2076.0,0.68
9196759,Google Women's Puff Jacket Black,2047.0,0.67
9199131,Super G Unisex Joggers,1918.0,0.63
9195709,Google Leather Strap Hat Blue,1794.0,0.58
9195031,Google Thermal Tumbler Navy,1779.0,0.58
9195830,Google Glass Bottle,1773.0,0.58
9196753,Google Men's Puff Jacket Black,1771.0,0.58
9196849,Android Iconic Crewneck Sweatshirt,1760.0,0.57
9196637,Google Red Speckled Tee,1722.0,0.56
9180865,Google Metallic Notebook Set,1702.0,0.55
9195127,Google Zip Hoodie F/C,1692.0,0.55
9196727,Google Woodtop Bottle Black,1668.0,0.54
9195359,Noogler Android Figure,1656.0,0.54
9195131,Google Zip Hoodie F/C,1644.0,0.54
9195949,Google Crew Combed Cotton Sock,1632.0,0.53
9196615,Google Crewneck Sweatshirt Green,1628.0,0.53
9196767,Google Men's Tech Fleece Grey,1580.0,0.52
9196629,Google Navy Speckled Tee,1506.0,0.49
9196616,Google Crewneck Sweatshirt Green,1496.0,0.49
9196766,Google Men's Tech Fleece Grey,1492.0,0.49
9195971,Google Chrome Dinosaur Collectible,1488.0,0.49
9185158,Google Crewneck Sweatshirt Grey,1485.0,0.48
9196604,Google Badge Heavyweight Pullover Black,1476.0,0.48
9195964,Google Seaport Tote,1464.0,0.48
9196875,Google KeepCup,1442.0,0.47
9197718,Google Incognito Zip Pack,1418.0,0.46
9196676,Google Speckled Beanie Grey,1412.0,0.46
9199129,Super G Unisex Joggers,1409.0,0.46
9184914,Google Crewneck Sweatshirt Navy,1408.0,0.46
9195129,Google Zip Hoodie F/C,1404.0,0.46
9196275,Google Soft Modal Scarf,1386.0,0.45
9196764,Google Men's Tech Fleece Grey,1386.0,0.45
9200320,Google Black Cloud Zip Hoodie,1363.0,0.44
9188208,Google Packable Bag Black,1348.0,0.44
9200314,Google Camp Mug Gray,1340.0,0.44
9200321,Google Black Cloud Zip Hoodie,1336.0,0.44
9196755,Google Men's Puff Jacket Black,1334.0,0.43
9196850,Android Iconic Crewneck Sweatshirt,1320.0,0.43
9196636,Google Red Speckled Tee,1314.0,0.43
9196863,Google Hemp Tote,1236.0,0.4
9196664,Google Sherpa Zip Hoodie Charcoal,1225.0,0.4
9196758,Google Women's Puff Jacket Black,1219.0,0.4
9195959,Google Large Tote White,1185.0,0.39
9196966,Google NYC Campus Zip Hoodie,1179.0,0.38
9196614,Google Crewneck Sweatshirt Green,1177.0,0.38
9185002,Google Large Standard Journal Grey,1159.0,0.38
9196663,Google Sherpa Zip Hoodie Charcoal,1155.0,0.38
9197456,Google Super G Tumbler (Red Lid),1151.0,0.38
9196617,Google Crewneck Sweatshirt Green,1133.0,0.37
9188203,Google Clear Pen 4-Pack,1125.0,0.37
9196628,Google Navy Speckled Tee,1122.0,0.37
9188192,YouTube Twill Sandwich Cap Black,1113.0,0.36
9196848,Android Iconic Crewneck Sweatshirt,1111.0,0.36
9196661,Google Sherpa Zip Hoodie Charcoal,1101.0,0.36
9196738,Google Cork Base Tumbler,1098.0,0.36
9199224,Google Land & Sea Nalgene Water Bottle,1095.0,0.36
9196602,Google Badge Heavyweight Pullover Black,1083.0,0.35
9200710,Google Knit Blanket,1069.0,0.35
9195948,Google Crew Striped Athletic Sock,1067.0,0.35
9199127,Google Blue Stojo Cup,1045.0,0.34
9180819,Google Laptop and Cell Phone Stickers,1011.0,0.33
9196733,Google Cotopaxi Shell,1008.0,0.33
9195741,Google Dino Game Tee,968.0,0.32
9196862,Google Black Cork Journal,961.0,0.31
9200199,Google Bear Baby Blanket Beige,951.0,0.31
9196648,Google Sherpa Zip Hoodie Navy,950.0,0.31
9196742,Google Men's Softshell Moss,949.0,0.31
9196613,Google Crewneck Sweatshirt Green,935.0,0.3
9197720,Google Incognito Dopp Kit V2,927.0,0.3
9184917,Google Crewneck Sweatshirt Navy,924.0,0.3
9188229,Google 24oz Ring Bottle Blue,919.0,0.3
9196967,Google NYC Campus Zip Hoodie,917.0,0.3
9185150,Google Women's Microfleece Jacket Black,915.0,0.3
9195792,YouTube Icon Tee Charcoal,911.0,0.3
9195197,Google F/C Longsleeve Charcoal,906.0,0.3
9196869,Google Utensil Set,891.0,0.29
9195712,YouTube Leather Strap Hat Black,885.0,0.29
9196719,Google Men's Tech Fleece Vest Charcoal,883.0,0.29
9195742,Google Dino Game Tee,880.0,0.29
9196647,Google Sherpa Zip Hoodie Navy,880.0,0.29
9194988,Google Women's Grid Zip-Up,878.0,0.29
9195961,Google Campus Bike Mini Backpack,872.0,0.28
9196950,Google NYC Campus Mug,853.0,0.28
9196754,Google Men's Puff Jacket Black,851.0,0.28
9199125,Google Land & Sea Mug,851.0,0.28
9195198,Google F/C Longsleeve Charcoal,846.0,0.28
9197719,Google Incognito Laptop Organizer,831.0,0.27
9199084,Google Land & Sea Journal Set,816.0,0.27
9197004,Google Austin Campus Mug,805.0,0.26
9195203,Google F/C Longsleeve Ash,798.0,0.26
9188221,Google Utility Bag Grey,794.0,0.26
9196655,Google Raincoat Navy,792.0,0.26
9184981,Google Small Standard Journal Navy,791.0,0.26
9195831,Google Campus Bike Bottle,788.0,0.26
9196649,Google Sherpa Zip Hoodie Navy,784.0,0.26
9195840,YouTube Play Mug,782.0,0.25
9196734,Google Cotopaxi Shell,780.0,0.25
9195835,Google Campus Bike Corkbase Mug Blue,778.0,0.25
9194989,Google Women's Grid Zip-Up,776.0,0.25
9200322,Google Black Cloud Zip Hoodie,771.0,0.25
9195132,Google Zip Hoodie F/C,768.0,0.25
9190334,YouTube Crew Socks,766.0,0.25
9195250,Google Toddler FC Zip Hoodie,756.0,0.25
9195204,Google F/C Longsleeve Ash,750.0,0.24
9195248,Google Toddler FC Zip Hoodie,749.0,0.24
9196638,Google Red Speckled Tee,738.0,0.24
9195939,Google Campus Bike Grid Task Pad,738.0,0.24
9199132,Super G Unisex Joggers,733.0,0.24
9196706,Google Cup Cap Tumbler Grey,732.0,0.24
9197586,Google Seattle Campus Mug,730.0,0.24
9196662,Google Sherpa Zip Hoodie Charcoal,729.0,0.24
9195196,Google F/C Longsleeve Charcoal,708.0,0.23
9185159,Google Crewneck Sweatshirt Grey,693.0,0.23
9195202,Google F/C Longsleeve Ash,690.0,0.22
9195267,Google Incognito Messenger Bag,690.0,0.22
9196618,Google Crewneck Sweatshirt Green,682.0,0.22
9195249,Google Toddler FC Zip Hoodie,679.0,0.22
9196384,Google Mural Mug,675.0,0.22
9198448,Daddy Works at Google Book,672.0,0.22
9199082,Google Land & Sea Tote Bag,664.0,0.22
9196716,Google Men's Tech Fleece Vest Charcoal,662.0,0.22
9194987,Google Women's Grid Zip-Up,652.0,0.21
9188315,Google Magnet,646.0,0.21
9196768,Google Men's Tech Fleece Grey,639.0,0.21
9195945,Google Campus Bike Tote Navy,635.0,0.21
9196380,Google Mural Sticky Note Pad,631.0,0.21
9196866,Google ApPeel Journal Red,618.0,0.2
9196788,Google Mural Socks,618.0,0.2
9195206,Google F/C Longsleeve Ash,606.0,0.2
9196902,#IamRemarkable Journal,603.0,0.2
9196752,Google Men's Puff Jacket Black,598.0,0.19
9200364,White Google Shoreline Bottle,596.0,0.19
9196630,Google Navy Speckled Tee,594.0,0.19
9185155,Google Crewneck Sweatshirt Grey,583.0,0.19
9195912,Womens Google Striped LS,581.0,0.19
9196741,Google Men's Softshell Moss,573.0,0.19
9195295,Android Techie 3D Framed Art,572.0,0.19
9196785,Google Keychain,569.0,0.19
9196718,Google Men's Tech Fleece Vest Charcoal,568.0,0.19
9200319,Google Black Cloud Zip Hoodie,564.0,0.18
9197569,Google PNW Campus Mug,562.0,0.18
9195126,Google Zip Hoodie F/C,552.0,0.18
9196621,Google Heather Green Speckled Tee,551.0,0.18
9196665,Google Sherpa Zip Hoodie Charcoal,550.0,0.18
9185157,Google Crewneck Sweatshirt Grey,539.0,0.18
9196383,Google Mural Bottle,529.0,0.17
9196657,Google Raincoat Navy,528.0,0.17
9195928,Google Premium Sunglasses,522.0,0.17
9195739,Google Dino Game Tee,520.0,0.17
9196608,Google Badge Heavyweight Pullover Black,506.0,0.16
9196731,Google Cotopaxi Shell,504.0,0.16
9195199,Google F/C Longsleeve Charcoal,498.0,0.16
9196737,Google Felt Refillable Journal,494.0,0.16
9196631,Google Navy Speckled Tee,492.0,0.16
9195738,Google Dino Game Tee,488.0,0.16
9195548,Android Buoy Bottle,487.0,0.16
9188197,Google See-No Hear-No Set,485.0,0.16
9196846,Android Iconic Notebook,484.0,0.16
9196756,Google Men's Puff Jacket Black,483.0,0.16
9195549,Google Unisex Eco Tee Black,482.0,0.16
9196977,Google Chicago Campus Mug,482.0,0.16
9196656,Google Raincoat Navy,480.0,0.16
9197568,Google PNW Campus Bottle,469.0,0.15
9195825,YouTube Standards Zip Hoodie Black,468.0,0.15
9195552,Google Unisex Eco Tee Black,463.0,0.15
9188210,Google Mesh Bag Red,461.0,0.15
9196760,Google Women's Puff Jacket Black,460.0,0.15
9196801,Android Iconic Glass Bottle Green,460.0,0.15
9196832,Android Pocket Onesie Navy,459.0,0.15
9197457,Google Super G Tumbler (Blue Lid),458.0,0.15
9196646,Google Sherpa Zip Hoodie Navy,454.0,0.15
9196965,Google NYC Campus Zip Hoodie,451.0,0.15
9185010,Google Bot,450.0,0.15
9188201,Google Pen White,450.0,0.15
9196603,Google Badge Heavyweight Pullover Black,450.0,0.15
9196800,Android Iconic Mug Gray,443.0,0.14
9197951,Google Sunnyvale Campus Mug,443.0,0.14
9195205,Google F/C Longsleeve Ash,438.0,0.14
9198825,Mural Food Container,437.0,0.14
9196901,#IamRemarkable Water Bottle,435.0,0.14
9196951,Google NYC Campus Bottle,431.0,0.14
9184988,Google Emoji Sticker Pack,430.0,0.14
9199205,Google Land & Sea French Terry Sweatshirt,429.0,0.14
9197426,Google SF Campus Bottle,427.0,0.14
9196895,Google Cork Passport Holder,426.0,0.14
9197707,Google PNW Campus Zip Hoodie,426.0,0.14
9197400,Google LA Campus Mug,422.0,0.14
9195296,Android Super Hero 3D Framed Art,420.0,0.14
9195551,Google Unisex Eco Tee Black,416.0,0.14
9188234,Google Twill Cap Charcoal,415.0,0.14
9200600,Google Bot (Multicolored),414.0,0.13
9196274,YouTube Transmission Journal Red,411.0,0.13
9195128,Google Zip Hoodie F/C,408.0,0.13
9196917,#IamRemarkable Unisex Hoodie,407.0,0.13
9195710,Google Leather Strap Hat Black,405.0,0.13
9188189,Google 16 oz Tumbler Blue,405.0,0.13
9185149,Google Women's Microfleece Jacket Black,405.0,0.13
9196843,Android Iconic Backpack,400.0,0.13
9195195,Google F/C Longsleeve Charcoal,396.0,0.13
9196743,Google Men's Softshell Moss,395.0,0.13
9196777,Google Sherpa Vest Black,394.0,0.13
9196779,Google Sherpa Vest Black,394.0,0.13
9188191,YouTube 25 oz Gear Cap Bottle Black,394.0,0.13
9196623,Google Heather Green Speckled Tee,392.0,0.13
9196769,Google Men's Tech Fleece Grey,391.0,0.13
9196813,Android Pocket Tee Navy,387.0,0.13
9198447,Mommy Works at Google Book,384.0,0.13
9195962,Essential Canvas Tote,383.0,0.12
9197994,YouTube Jotter Task Pad,381.0,0.12
9197414,Google SF Campus Zip Hoodie,379.0,0.12
9196812,Android Pocket Tee Navy,376.0,0.12
9185152,Google Women's Microfleece Jacket Black,375.0,0.12
9199737,Super G Unisex Joggers,374.0,0.12
9196814,Android Pocket Tee Navy,369.0,0.12
9196761,Google Women's Puff Jacket Black,368.0,0.12
9196783,YouTube Iconic Play Pin,368.0,0.12
9196724,Google Women's Tech Fleece Vest Charcoal,363.0,0.12
9196729,Google LoveHandle Black,360.0,0.12
9196894,Google Cork Card Holder,360.0,0.12
9200323,Google Black Cloud Zip Hoodie,358.0,0.12
9195798,YouTube Icon Tee Grey,355.0,0.12
9196771,Google Women's Tech Fleece Grey,355.0,0.12
9180818,Keyboard DOT Sticker,355.0,0.12
9195211,Google Tudes Recycled Tee,354.0,0.12
9199133,Super G Unisex Joggers,350.0,0.11
9195237,Google Toddler FC Tee Charcoal,350.0,0.11
9196735,Google Cotopaxi Shell,342.0,0.11
9196671,Google Infant Hero Onesie Grey,340.0,0.11
9196784,Google Emoji Magnet Set,336.0,0.11
9196855,Android Iconic Hat White,336.0,0.11
9196693,Google Youth Hero Tee Grey,333.0,0.11
9196728,Android Iconic Socks,331.0,0.11
9196720,Google Men's Tech Fleece Vest Charcoal,331.0,0.11
9196721,Google Men's Tech Fleece Vest Charcoal,331.0,0.11
9196645,Google Sherpa Zip Hoodie Navy,330.0,0.11
9195913,Womens Google Striped LS,328.0,0.11
9195827,YouTube Standards Zip Hoodie Black,324.0,0.11
9195911,Womens Google Striped LS,324.0,0.11
9197423,Google SF Campus Tote,321.0,0.1
9197412,Google SF Campus Zip Hoodie,321.0,0.1
9196854,Android Iconic Hat Green,320.0,0.1
9196770,Google Women's Tech Fleece Grey,320.0,0.1
9185160,Google Crewneck Sweatshirt Grey,319.0,0.1
9196922,Google Cambridge Campus Mug,316.0,0.1
9196748,Google Women's Softshell Moss,316.0,0.1
9196747,Google Women's Softshell Moss,316.0,0.1
9185151,Google Women's Microfleece Jacket Black,315.0,0.1
9184912,Google Crewneck Sweatshirt Navy,308.0,0.1
9197603,Google Kirkland Campus Mug,307.0,0.1
9196939,Google Cambridge Campus Zip Hoodie,306.0,0.1
9196711,Google Split Seam Tee Olive,304.0,0.1
9196732,Google Cotopaxi Shell,304.0,0.1
9195550,Google Unisex Eco Tee Black,304.0,0.1
9195735,Google Campus Bike Eco Tee Navy,300.0,0.1
9194990,Google Women's Grid Zip-Up,300.0,0.1
9196762,Google Women's Puff Jacket Black,299.0,0.1
9196856,Android Iconic Hat Black,298.0,0.1
9197413,Google SF Campus Zip Hoodie,298.0,0.1
9196390,Supernatural Paper Tote,298.0,0.1
9180825,Google Sunglasses,291.0,0.09
9180827,Google Sunglasses,290.0,0.09
9195918,Google Summer19 Crew Grey,288.0,0.09
9196624,Google Heather Green Speckled Tee,288.0,0.09
9188310,Android SM S/F18 Sticker Sheet,288.0,0.09
9196607,Google Badge Heavyweight Pullover Black,288.0,0.09
9197380,Google LA Campus Unisex Tee,288.0,0.09
9195882,Unisex Google Pocket Tee Grey,284.0,0.09
9196786,Google Lapel Pin,284.0,0.09
9195919,Google Summer19 Crew Grey,280.0,0.09
9184829,Google Light Pen Blue,279.0,0.09
9197026,Google Austin Campus Tote,278.0,0.09
9197810,Supernatural Paper Backpack,276.0,0.09
9196978,Google Chicago Campus Bottle,275.0,0.09
9196907,#IamRemarkable Unisex T-Shirt,271.0,0.09
9195200,Google F/C Longsleeve Charcoal,270.0,0.09
9196775,Google Sherpa Vest Black,268.0,0.09
9196857,Android Iconic Beanie,268.0,0.09
9195238,Google Toddler FC Tee Charcoal,265.0,0.09
9196994,Google Chicago Campus Zip Hoodie,265.0,0.09
9196938,Google Cambridge Campus Zip Hoodie,265.0,0.09
9195966,Google Clear Framed Yellow Shades,265.0,0.09
9196723,Google Women's Tech Fleece Vest Charcoal,264.0,0.09
9196847,Android Iconic Crewneck Sweatshirt,264.0,0.09
9196635,Google Red Speckled Tee,264.0,0.09
9199201,Google Land & Sea French Terry Sweatshirt,264.0,0.09
9188198,Google Small Cable Organizer Blue,261.0,0.09
9195244,Google Infant Charcoal Onesie,260.0,0.08
9195731,Google Campus Bike Eco Tee Navy,260.0,0.08
9196858,Google Recycled Writing Set,259.0,0.08
9196694,Google Youth Hero Tee Grey,258.0,0.08
9196745,Google Men's Softshell Moss,257.0,0.08
9197020,Google Austin Campus Zip Hoodie,256.0,0.08
9188209,Google Mesh Bag Blue,256.0,0.08
9195927,Google Blue Kids Sunglasses,255.0,0.08
9200362,Google Cloud Pen,251.0,0.08
9195736,Google Campus Bike Eco Tee Navy,250.0,0.08
9195226,Google Youth FC Tee Charcoal,250.0,0.08
9196389,Supernatural Paper Lunch Sack,247.0,0.08
9197368,Google Boulder Campus Mug,247.0,0.08
9195231,Google Youth FC Longsleeve Charcoal,246.0,0.08
9200364,Google Shoreline Water Bottle,246.0,0.08
9195236,Google Toddler FC Tee Charcoal,245.0,0.08
9188228,Google 24 oz Ring Bottle Red,243.0,0.08
9197592,Google Kirkland Campus Unisex Tee,242.0,0.08
9195265,Google Incognito Flap Pack,240.0,0.08
9196916,#IamRemarkable Unisex Hoodie,239.0,0.08
9196412,Google Beekeepers Tee Mint,238.0,0.08
9196993,Google Chicago Campus Zip Hoodie,234.0,0.08
9197705,Google PNW Campus Zip Hoodie,233.0,0.08
9184830,Google Light Pen Red,232.0,0.08
9196427,Stan and Friends Tee Green,232.0,0.08
9195247,Google Infant Charcoal Onesie,230.0,0.07
9196381,Google Mural Notebook,228.0,0.07
9197386,Google LA Campus Zip Hoodie,225.0,0.07
9195228,Google Youth FC Tee Charcoal,225.0,0.07
9196699,Google Youth Hero Tee Maroon,224.0,0.07
9197021,Google Austin Campus Zip Hoodie,224.0,0.07
9197986,Google Sunnyvale Campus Zip Hoodie,224.0,0.07
9196891,Google Medium Pet Leash (Blue/Green),224.0,0.07
9197988,Google Sunnyvale Campus Zip Hoodie,224.0,0.07
9197706,Google PNW Campus Zip Hoodie,224.0,0.07
9195967,Google Clear Framed Blue Shades,223.0,0.07
9180826,Google Sunglasses,223.0,0.07
9195968,Google Clear Framed Gray Shades,222.0,0.07
9195229,Google Youth FC Longsleeve Charcoal,222.0,0.07
9196780,Google Sherpa Vest Black,221.0,0.07
9185146,Google Mens Microfleece Jacket Black,221.0,0.07
9195263,Google Toddler FC Tee Charcoal,220.0,0.07
9196918,#IamRemarkable Unisex Hoodie,219.0,0.07
9196805,Android Pocket Tee Green,219.0,0.07
9195936,Google Color Block Notebook,218.0,0.07
9195230,Google Youth FC Longsleeve Charcoal,216.0,0.07
9195227,Google Youth FC Tee Charcoal,215.0,0.07
9196709,Google Split Seam Tee Olive,215.0,0.07
9195801,YouTube Icon Tee Grey,214.0,0.07
9197713,Google PNW Campus Unisex Tee,214.0,0.07
9180823,Google Mini Kick Ball,213.0,0.07
9195937,Google Confetti Task Pad,211.0,0.07
9195791,YouTube Icon Tee Charcoal,210.0,0.07
9197387,Google LA Campus Zip Hoodie,210.0,0.07
9196870,Google Sustainable Pencil Pouch,210.0,0.07
9197814,Google Large Pet Leash (Red/Yellow),210.0,0.07
9195946,Google Campus Bike Carry Pouch,207.0,0.07
9184749,Android Large Removable Sticker Sheet,207.0,0.07
9184831,Google Light Pen Green,205.0,0.07
9195245,Google Infant Charcoal Onesie,205.0,0.07
9184850,Google Tee Yellow,204.0,0.07
9188207,Google Laptop Sleeve Charcoal,204.0,0.07
9196892,Google Large Pet Leash (Blue/Green),203.0,0.07
9181149,Gift Card - $25.00,200.0,0.07
9195246,Google Infant Charcoal Onesie,200.0,0.07
9195201,Google F/C Longsleeve Ash,198.0,0.06
9195938,Google Confetti Slim Task Pad,197.0,0.06
9196889,Google Medium Pet Collar (Blue/Green),196.0,0.06
9196806,Android Pocket Tee Green,196.0,0.06
9195794,YouTube Icon Tee Charcoal,195.0,0.06
9196861,Google Cork Journal,194.0,0.06
9197005,Google Austin Campus Bottle,194.0,0.06
9196666,Google Sherpa Zip Hoodie Charcoal,193.0,0.06
9195881,Unisex Google Pocket Tee Grey,192.0,0.06
9196654,Google Raincoat Navy,192.0,0.06
9200344,Google Chrome Dino Light Up Water Bottle,191.0,0.06
9195294,Snowflake Android Cardboard Sculpture,190.0,0.06
9195802,YouTube Icon Tee Grey,186.0,0.06
9196757,Google Men's Puff Jacket Black,184.0,0.06
9184842,Google Tee Red,183.0,0.06
9184979,Android Large Trace Journal Black,181.0,0.06
9180842,Maze Pen,180.0,0.06
9200324,Google Black Cloud Zip Hoodie,179.0,0.06
9196968,Google NYC Campus Zip Hoodie,178.0,0.06
9196830,Android Pocket Onesie Navy,178.0,0.06
9188194,Google Mouse Pad Navy,177.0,0.06
9196270,Google Mural Sticker Sheet,176.0,0.06
9196851,Android Iconic Crewneck Sweatshirt,176.0,0.06
9196864,Google Cork Pencil Pouch,176.0,0.06
9200316,Google Aluminum Bottle Red,175.0,0.06
9188311,Android Lumberjack Pin,174.0,0.06
9197347,Google Boulder Campus Unisex Tee,172.0,0.06
9188233,Google Phone Stand Bamboo,169.0,0.06
9196995,Google Chicago Campus Zip Hoodie,169.0,0.06
9196872,Google Felt Luggage Tag,168.0,0.05
9196890,Google Large Pet Collar (Blue/Green),168.0,0.05
9196710,Google Split Seam Tee Olive,168.0,0.05
9196437,Stan and Friends Youth Tee Green,168.0,0.05
9195942,Google Confetti Accessory Pouch,167.0,0.05
9196811,Android Pocket Tee Navy,167.0,0.05
9195799,YouTube Icon Tee Grey,166.0,0.05
9196691,Google Youth Badge Tee Olive,166.0,0.05
9196650,Google Sherpa Zip Hoodie Navy,165.0,0.05
9184866,Google Tee Blue,163.0,0.05
9196782,Google Maps Pin,163.0,0.05
9196695,Google Youth Hero Tee Grey,162.0,0.05
9196822,Android Pocket Toddler Tee Navy,162.0,0.05
9197420,Google SF Campus Ladies Tee,162.0,0.05
9197356,Google Boulder Campus Zip Hoodie,160.0,0.05
9197989,Google Sunnyvale Campus Zip Hoodie,160.0,0.05
9196749,Google Women's Softshell Moss,158.0,0.05
9197372,Google Infant Hero Tee Olive,158.0,0.05
9197953,Google Sunnyvale Campus Bottle,158.0,0.05
9196740,Google Men's Softshell Moss,158.0,0.05
9197379,Google LA Campus Unisex Tee,158.0,0.05
9196698,Google Youth Hero Tee Maroon,157.0,0.05
9196824,Android Pocket Toddler Tee Navy,154.0,0.05
9197939,Google Decal,153.0,0.05
9196908,#IamRemarkable Unisex T-Shirt,153.0,0.05
9196712,Google Split Seam Tee Olive,152.0,0.05
9196736,Google Cotopaxi Shell,152.0,0.05
9194986,Google Women's Grid Zip-Up,150.0,0.05
9181151,Gift Card - $50.00,150.0,0.05
9196382,Google Mural Tote,148.0,0.05
9196413,Google Beekeepers Tee Mint,148.0,0.05
9195879,Unisex Google Pocket Tee Grey,148.0,0.05
9184858,Google Tee Green,146.0,0.05
9196840,Android Pocket Youth Tee Navy,145.0,0.05
9195251,Google Youth FC Zip Hoodie,144.0,0.05
9196419,Flamingo and Friends Tee Blue,144.0,0.05
9197373,Google Infant Hero Tee Olive,144.0,0.05
9196642,Google Toddler Tee White,143.0,0.05
9196829,Android Pocket Onesie Navy,143.0,0.05
9196831,Android Pocket Onesie Navy,143.0,0.05
9185156,Google Crewneck Sweatshirt Grey,143.0,0.05
9188256,Google Women's Black Tee,142.0,0.05
9195553,Google Unisex Eco Tee Black,142.0,0.05
9196859,Google Recycled Pen Black,142.0,0.05
9196772,Google Women's Tech Fleece Grey,142.0,0.05
9195797,YouTube Icon Tee Grey,141.0,0.05
9197974,Google Sunnyvale Campus Ladies Tee,140.0,0.05
9197969,Google Mountain View Campus Ladies Tee,140.0,0.05
9197811,Google Medium Pet Collar (Red/Yellow),140.0,0.05
9196643,Google Toddler Tee White,138.0,0.04
9196714,Google Totepak,138.0,0.04
9196644,Google Toddler Tee White,138.0,0.04
9197385,Google LA Campus Zip Hoodie,137.0,0.04
9196874,Google Felt Strap Keyring,137.0,0.04
9195926,Google Red Kids Sunglasses,137.0,0.04
9197708,Google PNW Campus Zip Hoodie,137.0,0.04
9196893,Google Cork Key Ring,135.0,0.04
9184980,Android Small Trace Journal Black,135.0,0.04
9196414,Google Beekeepers Tee Mint,134.0,0.04
9197370,Google Infant Hero Tee Olive,134.0,0.04
9197963,Google Sunnyvale Campus Unisex Tee,134.0,0.04
9196722,Google Women's Tech Fleece Vest Charcoal,132.0,0.04
9199204,Google Land & Sea French Terry Sweatshirt,132.0,0.04
9199203,Google Land & Sea French Terry Sweatshirt,132.0,0.04
9196823,Android Pocket Toddler Tee Navy,131.0,0.04
9196960,Google NYC Campus Ladies Tee,130.0,0.04
9196868,Stainless Straight Straw/Cleaner,130.0,0.04
9196451,Google Beekeepers Toddler Tee Pink,130.0,0.04
9196906,#IamRemarkable Unisex T-Shirt,129.0,0.04
9196420,Flamingo and Friends Tee Blue,128.0,0.04
9196970,Google NYC Campus Zip Hoodie,128.0,0.04
9197978,Google Mountain View Campus Zip Hoodie,128.0,0.04
9197981,Google Mountain View Campus Zip Hoodie,128.0,0.04
9197987,Google Sunnyvale Campus Zip Hoodie,128.0,0.04
9197355,Google Boulder Campus Zip Hoodie,128.0,0.04
9197354,Google Boulder Campus Zip Hoodie,128.0,0.04
9196692,Google Youth Badge Tee Olive,127.0,0.04
9195846,Google Pen Citron,126.0,0.04
9196452,Google Beekeepers Onesie Pink,126.0,0.04
9196433,Stan and Friends Onesie Green,126.0,0.04
9196953,Google NYC Campus Unisex Tee,126.0,0.04
9196776,Google Sherpa Vest Black,126.0,0.04
9196268,Google Large White Gift Bag 5/PK,125.0,0.04
9199126,Google Land & Sea Tech Taco,125.0,0.04
9196428,Stan and Friends Tee Green,124.0,0.04
9196913,#IamRemarkable Ladies T-Shirt,123.0,0.04
9196689,Google Youth Badge Tee Olive,121.0,0.04
9196687,Google Youth Badge Tee Navy,120.0,0.04
9197391,Google LA Campus Ladies Tee,120.0,0.04
9196407,Android Garden Tee Orange,120.0,0.04
9195225,Google Youth FC Tee Charcoal,120.0,0.04
9196700,Google Youth Hero Tee Maroon,119.0,0.04
9197812,Google Large Pet Collar (Red/Yellow),119.0,0.04
9196981,Google Chicago Campus Unisex Tee,116.0,0.04
9196926,Google Cambridge Campus Unisex Tee,116.0,0.04
9196429,Stan and Friends Tee Green,116.0,0.04
9196681,Google Toddler Hero Tee Olive,114.0,0.04
9197415,Google SF Campus Zip Hoodie,114.0,0.04
9197399,Google LA Campus Bottle,113.0,0.04
9194991,Google Women's Grid Zip-Up,113.0,0.04
9196959,Google NYC Campus Ladies Tee,112.0,0.04
9196445,Google Beekeepers Youth Tee Pink,112.0,0.04
9190336,YouTube Small Sticker Sheet,112.0,0.04
9197371,Google Infant Hero Tee Olive,112.0,0.04
9196841,Android Pocket Youth Tee Navy,110.0,0.04
9185161,Google Crewneck Sweatshirt Grey,110.0,0.04
9196688,Google Youth Badge Tee Navy,110.0,0.04
9196821,Android Pocket Toddler Tee Navy,109.0,0.04
9195252,Google Youth FC Zip Hoodie,108.0,0.04
9196845,Android Iconic Sticker Sheet,107.0,0.03
9195842,Google Pen Bright Blue,106.0,0.03
9196237,Android Puzzlebot v2,106.0,0.03
9196690,Google Youth Badge Tee Olive,105.0,0.03
9188231,Google Recycled Notebook Set Natural,105.0,0.03
9196685,Google Youth Badge Tee Navy,105.0,0.03
9195744,Google Dino Game Tee,104.0,0.03
9197405,Google SF Campus Unisex Tee,102.0,0.03
9196432,Stan and Friends Onesie Green,102.0,0.03
9197955,Google Mountain View Campus Unisex Tee,102.0,0.03
9197392,Google LA Campus Ladies Tee,102.0,0.03
9196411,Google Beekeepers Tee Mint,102.0,0.03
9197381,Google LA Campus Unisex Tee,102.0,0.03
9196442,Stan and Friends Toddler Tee Green,102.0,0.03
9181148,Gift Card- $100.00,100.0,0.03
9197396,Google LA Campus Tote,100.0,0.03
9199207,Google Land & Sea French Terry Sweatshirt,99.0,0.03
9196744,Google Men's Softshell Moss,99.0,0.03
9197015,Google Austin Campus Ladies Tee,98.0,0.03
9195016,Google Women's Discovery Lt. Rain Shell,98.0,0.03
9195790,YouTube Icon Tee Charcoal,98.0,0.03
9196443,Stan and Friends Toddler Tee Green,98.0,0.03
9196961,Google NYC Campus Ladies Tee,98.0,0.03
9195011,Google Men's Discovery Lt. Rain Shell,98.0,0.03
9197591,Google Kirkland Campus Unisex Tee,98.0,0.03
9195017,Google Women's Discovery Lt. Rain Shell,98.0,0.03
9197985,Google Sunnyvale Campus Zip Hoodie,96.0,0.03
9195910,Womens Google Striped LS,96.0,0.03
9195826,YouTube Standards Zip Hoodie Black,96.0,0.03
9196686,Google Youth Badge Tee Navy,96.0,0.03
9195208,Google Tudes Recycled Tee,96.0,0.03
9195883,Unisex Google Pocket Tee Grey,96.0,0.03
9196964,Google NYC Campus Zip Hoodie,96.0,0.03
9197041,Google Toddler Hero Tee Black,96.0,0.03
9196641,Google Toddler Tee White,95.0,0.03
9196683,Google Toddler Hero Tee Olive,95.0,0.03
9195908,Youth Jumbo Print Tee White,92.0,0.03
9197040,Google Toddler Hero Tee Black,92.0,0.03
9188264,Google Tee Grey,90.0,0.03
9196835,Android Pocket Youth Tee Green,90.0,0.03
9188314,Android Hipster Pin,89.0,0.03
9195847,Google Pen Red,89.0,0.03
9196703,Google Red YoYo,89.0,0.03
9199206,Google Land & Sea French Terry Sweatshirt,88.0,0.03
9195555,Google Unisex Eco Tee Black,88.0,0.03
9196423,Flamingo and Friends Tee Blue,88.0,0.03
9196725,Google Women's Tech Fleece Vest Charcoal,88.0,0.03
9196440,Stan and Friends Toddler Tee Green,88.0,0.03
9196704,Google Blue YoYo,88.0,0.03
9196904,#IamRemarkable Lapel Pin,86.0,0.03
9195844,Google Pen Lilac,85.0,0.03
9188333,Google Tonal Tee Coral,85.0,0.03
9196269,Google Pride Sticker,84.0,0.03
9196798,Android Iconic Pen,84.0,0.03
9197968,Google Mountain View Campus Ladies Tee,84.0,0.03
9196426,Stan and Friends Tee Green,84.0,0.03
9197042,Google Toddler Hero Tee Black,83.0,0.03
9197329,#IamRemarkable Pen,82.0,0.03
9197585,Google Seattle Campus Sticker,82.0,0.03
9196912,#IamRemarkable Ladies T-Shirt,82.0,0.03
9195843,Google Pen Neon Coral,82.0,0.03
9196909,#IamRemarkable Unisex T-Shirt,81.0,0.03
9195941,Google Striped Penny Pouch,81.0,0.03
9195737,Google Campus Bike Eco Tee Navy,80.0,0.03
9195796,YouTube Icon Tee Charcoal,80.0,0.03
9196949,Google NYC Campus Lapel Pin,80.0,0.03
9197992,Google Jotter Task Pad,80.0,0.03
9196746,Google Women's Softshell Moss,79.0,0.03
9197039,Google Toddler Hero Tee Black,78.0,0.03
9196919,#IamRemarkable Unisex Hoodie,78.0,0.03
9195920,Google Summer19 Crew Grey,78.0,0.03
9195907,Youth Jumbo Print Tee White,78.0,0.03
9184856,Google Tee Yellow,76.0,0.02
9196971,Google NYC Campus Sticker,76.0,0.02
9196684,Google Toddler Hero Tee Olive,76.0,0.02
9196285,Google Women's Pride Eco-Tee Black,76.0,0.02
9195795,YouTube Icon Tee Charcoal,76.0,0.02
9197398,Google LA Campus Sticker,76.0,0.02
9196896,Google Cork Tablet Case,76.0,0.02
9188200,Google Pen Grey,76.0,0.02
9196807,Android Pocket Tee Green,75.0,0.02
9196286,Google Women's Pride Eco-Tee Black,75.0,0.02
9197962,Google Sunnyvale Campus Unisex Tee,74.0,0.02
9196438,Stan and Friends Youth Tee Green,74.0,0.02
9197359,Google Boulder Campus Ladies Tee,74.0,0.02
9197973,Google Sunnyvale Campus Ladies Tee,74.0,0.02
9196453,Google Beekeepers Onesie Pink,74.0,0.02
9197388,Google LA Campus Zip Hoodie,73.0,0.02
9196639,Google Red Speckled Tee,72.0,0.02
9196999,Google Chicago Campus Tote,71.0,0.02
9196773,Google Women's Tech Fleece Grey,71.0,0.02
9188313,Android Geek Pin,71.0,0.02
9195024,Google Women's Kirkland Pullover,70.0,0.02
9197346,Google Boulder Campus Unisex Tee,70.0,0.02
9197007,Google Austin Campus Unisex Tee,70.0,0.02
9196434,Stan and Friends Onesie Green,70.0,0.02
9196815,Android Pocket Tee Navy,69.0,0.02
9195909,Youth Jumbo Print Tee White,67.0,0.02
9196267,Google Small White Gift Bag 5/PK,65.0,0.02
9196404,Android Garden Tee Orange,65.0,0.02
9196871,Google Tech Taco,65.0,0.02
9196839,Android Pocket Youth Tee Navy,65.0,0.02
9196405,Android Garden Tee Orange,64.0,0.02
9197018,Google Austin Campus Zip Hoodie,64.0,0.02
9197990,Google Sunnyvale Campus Zip Hoodie,64.0,0.02
9195389,Google Youth F/C Pullover Hoodie,64.0,0.02
9197022,Google Austin Campus Zip Hoodie,64.0,0.02
9197982,Google Mountain View Campus Zip Hoodie,64.0,0.02
9195765,Google Tee Mint Green,64.0,0.02
9196778,Google Sherpa Vest Black,63.0,0.02
9194992,Google Women's Grid Zip-Up,63.0,0.02
9196802,Android Iconic Pin,63.0,0.02
9196705,Google Yellow YoYo,62.0,0.02
9195010,Google Men's Discovery Lt. Rain Shell,62.0,0.02
9199079,Google Land & Sea Women's Eco Tee,60.0,0.02
9196415,Google Beekeepers Tee Mint,60.0,0.02
9196932,Google Cambridge Campus Ladies Tee,60.0,0.02
9188193,Google Cloth & Pouch Black,60.0,0.02
9196833,Android Pocket Youth Tee Green,60.0,0.02
9197565,Google PNW Campus Tote,59.0,0.02
9195076,Google Tee F/C Black,58.0,0.02
9199168,BLM Unisex Pullover Hoodie,58.0,0.02
9196425,Stan and Friends Tee Green,56.0,0.02
9196444,Google Beekeepers Youth Tee Pink,56.0,0.02
9197419,Google SF Campus Ladies Tee,56.0,0.02
9197970,Google Mountain View Campus Ladies Tee,56.0,0.02
9197597,Google Kirkland Campus Ladies Tee,56.0,0.02
9197813,Google Medium Pet Leash (Red/Yellow),56.0,0.02
9196448,Google Beekeepers Toddler Tee Pink,56.0,0.02
9196987,Google Chicago Campus Ladies Tee,56.0,0.02
9196454,Google Beekeepers Onesie Pink,56.0,0.02
9200318,Google Black Cloud Zip Hoodie,55.0,0.02
9197367,Google Boulder Campus Bottle,55.0,0.02
9196726,Google Women's Tech Fleece Vest Charcoal,55.0,0.02
9195845,Google Pen Grass Green,55.0,0.02
9199225,Google Land & Sea Mug,55.0,0.02
9196923,Google Cambridge Campus Bottle,55.0,0.02
9195207,Google Tudes Recycled Tee,54.0,0.02
9196408,Android Garden Tee Orange,52.0,0.02
9196844,Android Iconic 4&quot; Decal,50.0,0.02
9195012,Google Women's Discovery Lt. Rain Shell,49.0,0.02
9195934,Google Confetti Pen White,48.0,0.02
9196634,Google Red Speckled Tee,48.0,0.02
9196627,Google Navy Speckled Tee,48.0,0.02
9195209,Google Tudes Recycled Tee,48.0,0.02
9196406,Android Garden Tee Orange,48.0,0.02
9184961,YouTube Women's Favorite Tee White,47.0,0.02
9196867,Stainless Bent Straw/Cleaner,46.0,0.01
9197366,Google Boulder Campus Sticker,46.0,0.01
9188270,Google Tee Grey,45.0,0.01
9196943,Google Cambridge Campus Sticker,44.0,0.01
9196619,Google Crewneck Sweatshirt Green,44.0,0.01
9196853,Android Iconic Crewneck Sweatshirt,44.0,0.01
9197424,Google SF Campus Lapel Pin,44.0,0.01
9196852,Android Iconic Crewneck Sweatshirt,44.0,0.01
9197383,Google LA Campus Unisex Tee,42.0,0.01
9197579,Google Seattle Campus Ladies Tee,42.0,0.01
9196441,Stan and Friends Toddler Tee Green,42.0,0.01
9196962,Google NYC Campus Ladies Tee,42.0,0.01
9197971,Google Mountain View Campus Ladies Tee,42.0,0.01
9196986,Google Chicago Campus Ladies Tee,42.0,0.01
9196860,Google Recycled Pen Green,42.0,0.01
9196449,Google Beekeepers Toddler Tee Pink,42.0,0.01
9197573,Google Seattle Campus Unisex Tee,42.0,0.01
9195803,YouTube Icon Tee Grey,40.0,0.01
9196905,#IamRemarkable Unisex T-Shirt,40.0,0.01
9199077,Google Land & Sea Women's Eco Tee,40.0,0.01
9197003,Google Austin Campus Lapel Pin,39.0,0.01
9196900,#IamRemarkable Tote,38.0,0.01
9196682,Google Toddler Hero Tee Olive,38.0,0.01
9196730,Google Cotopaxi Shell,38.0,0.01
9197397,Google LA Campus Lapel Pin,36.0,0.01
9195554,Google Unisex Eco Tee Black,36.0,0.01
9180867,Google Frisbee,36.0,0.01
9197993,Android Jotter Task Pad,36.0,0.01
9195714,Google Women's Eco Tee Black,35.0,0.01
9196409,Android Garden Tee Orange,32.0,0.01
9196937,Google Cambridge Campus Zip Hoodie,32.0,0.01
9197019,Google Austin Campus Zip Hoodie,32.0,0.01
9196933,Google Cambridge Campus Ladies Tee,32.0,0.01
9196910,#IamRemarkable Unisex T-Shirt,32.0,0.01
9195390,Google Youth F/C Pullover Hoodie,32.0,0.01
9196865,Google Bottle Cleaner,32.0,0.01
9197983,Google Mountain View Campus Zip Hoodie,32.0,0.01
9197980,Google Mountain View Campus Zip Hoodie,32.0,0.01
9197382,Google LA Campus Unisex Tee,32.0,0.01
9197384,Google LA Campus Zip Hoodie,32.0,0.01
9196929,Google Cambridge Campus Unisex Tee,32.0,0.01
9197979,Google Mountain View Campus Zip Hoodie,32.0,0.01
9196969,Google NYC Campus Zip Hoodie,32.0,0.01
9197404,Google SF Campus Unisex Tee,32.0,0.01
9196940,Google Cambridge Campus Zip Hoodie,32.0,0.01
9195030,Google Tudes Thermal Bottle,32.0,0.01
9196421,Flamingo and Friends Tee Blue,32.0,0.01
9195740,Google Dino Game Tee,32.0,0.01
9197357,Google Boulder Campus Zip Hoodie,32.0,0.01
9197947,Google Sunnyvale Campus Sticker,31.0,0.01
9197949,Google Sunnyvale Campus Tote,30.0,0.01
9196944,Google Cambridge Campus Tote,30.0,0.01
9184848,Google Tee Red,29.0,0.01
9197946,Google Mountain View Campus Sticker,29.0,0.01
9197598,Google Kirkland Campus Ladies Tee,28.0,0.01
9196455,Google Beekeepers Onesie Pink,28.0,0.01
9196446,Google Beekeepers Youth Tee Pink,28.0,0.01
9196456,Google Beekeepers Onesie Pink,28.0,0.01
9197976,Google Sunnyvale Campus Ladies Tee,28.0,0.01
9196416,Google Beekeepers Tee Mint,28.0,0.01
9196988,Google Chicago Campus Ladies Tee,28.0,0.01
9197560,Google PNW Campus Ladies Tee,28.0,0.01
9197016,Google Austin Campus Ladies Tee,28.0,0.01
9197596,Google Kirkland Campus Ladies Tee,28.0,0.01
9197361,Google Boulder Campus Ladies Tee,28.0,0.01
9197581,Google Seattle Campus Ladies Tee,28.0,0.01
9197595,Google Kirkland Campus Unisex Tee,28.0,0.01
9195759,Google Tee Mint Green,28.0,0.01
9197975,Google Sunnyvale Campus Ladies Tee,28.0,0.01
9196920,#IamRemarkable Unisex Hoodie,26.0,0.01
9196836,Android Pocket Youth Tee Green,25.0,0.01
9196834,Android Pocket Youth Tee Green,25.0,0.01
9196976,Google Chicago Campus Lapel Pin,25.0,0.01
9197567,Google PNW Campus Sticker,24.0,0.01
9197364,Google Boulder Campus Tote,24.0,0.01
9195888,Unisex Google Jumbo Print Tee White,24.0,0.01
9196799,Android Iconic Bottle Black,24.0,0.01
9195213,Google Tudes Recycled Tee,24.0,0.01
9197602,Google Kirkland Campus Sticker,24.0,0.01
9196620,Google Heather Green Speckled Tee,24.0,0.01
9196803,Android Pocket Tee Green,23.0,0.01
9196804,Android Pocket Tee Green,23.0,0.01
9196810,Android Pocket Tee Navy,23.0,0.01
9197584,Google Seattle Campus Lapel Pin,23.0,0.01
9196915,#IamRemarkable Ladies T-Shirt,22.0,0.01
9196713,Google Split Seam Tee Olive,21.0,0.01
9197566,Google PNW Campus Lapel Pin,21.0,0.01
9196837,Android Pocket Youth Tee Green,20.0,0.01
9197604,Google Bellevue Campus Sticker,20.0,0.01
9199081,Google Land & Sea Women's Eco Tee,20.0,0.01
9196696,Google Youth Hero Tee Grey,19.0,0.01
9195793,YouTube Icon Tee Charcoal,18.0,0.01
9196925,Google Cambridge Campus Unisex Tee,18.0,0.01
9188325,Google Tonal Tee Spearmint,18.0,0.01
9197564,Google PNW Campus Ladies Tee,18.0,0.01
9197972,Google Mountain View Campus Ladies Tee,18.0,0.01
9196430,Stan and Friends Tee Green,18.0,0.01
9195800,YouTube Icon Tee Grey,18.0,0.01
9197562,Google PNW Campus Ladies Tee,18.0,0.01
9197365,Google Boulder Campus Lapel Pin,17.0,0.01
9196418,Flamingo and Friends Tee Blue,16.0,0.01
9195880,Unisex Google Pocket Tee Grey,16.0,0.01
9195878,Unisex Google Pocket Tee Grey,16.0,0.01
9195914,Womens Google Striped LS,16.0,0.01
9196422,Flamingo and Friends Tee Blue,16.0,0.01
9196921,Google Cambridge Campus Lapel Pin,15.0,0.0
9197563,Google PNW Campus Ladies Tee,14.0,0.0
9196450,Google Beekeepers Toddler Tee Pink,14.0,0.0
9197393,Google LA Campus Ladies Tee,14.0,0.0
9197561,Google PNW Campus Ladies Tee,14.0,0.0
9197360,Google Boulder Campus Ladies Tee,14.0,0.0
9195745,Google Mountain View Tee Red,14.0,0.0
9197600,Google Kirkland Campus Ladies Tee,14.0,0.0
9197348,Google Boulder Campus Unisex Tee,14.0,0.0
9197395,Google LA Campus Ladies Tee,14.0,0.0
9197712,Google PNW Campus Unisex Tee,14.0,0.0
9197711,Google PNW Campus Unisex Tee,14.0,0.0
9196980,Google Chicago Campus Unisex Tee,14.0,0.0
9196439,Stan and Friends Youth Tee Green,14.0,0.0
9197006,Google Austin Campus Unisex Tee,14.0,0.0
9196985,Google Chicago Campus Unisex Tee,14.0,0.0
9197590,Google Kirkland Campus Unisex Tee,14.0,0.0
9196963,Google NYC Campus Ladies Tee,14.0,0.0
9196930,Google Cambridge Campus Unisex Tee,14.0,0.0
9197345,Google Boulder Campus Unisex Tee,14.0,0.0
9196435,Stan and Friends Onesie Green,14.0,0.0
9195780,Google Women's Ringer Tee,14.0,0.0
9197351,Google Boulder Campus Unisex Tee,14.0,0.0
9195075,Google Tee F/C Black,12.0,0.0
9195070,Google Tee F/C Black,12.0,0.0
9196914,#IamRemarkable Ladies T-Shirt,10.0,0.0
9188206,Google Separating Keyring,6.0,0.0
9197601,Google Kirkland Campus Lapel Pin,6.0,0.0
9188230,Android Flex Journal White,6.0,0.0
9184832,Google Light Pen Yellow,2.0,0.0