item_name,units_sold,total_revenue,row_number,product_rank,dense_rank
Google Zip Hoodie F/C,208,10488.0,1,1,1
Google Crewneck Sweatshirt Navy,217,9878.0,2,2,2
Google Badge Heavyweight Pullover Black,176,8490.0,3,3,3
Google Men's Tech Fleece Grey,107,7886.0,4,4,4
Super G Unisex Joggers,253,7856.0,5,5,5
Google Crewneck Sweatshirt Green,155,7095.0,6,6,6
Google Men's Tech Fleece Vest Charcoal,79,5234.0,7,7,7
Google Men's Puff Jacket Black,55,5221.0,8,8,8
Google Sherpa Zip Hoodie Charcoal,89,4953.0,9,9,9
Google Canteen Bottle Black,250,4930.0,10,10,10
Google Utility BackPack,48,4752.0,11,11,11
Android Iconic Crewneck Sweatshirt,103,4719.0,12,12,12
Google Black Cloud Zip Hoodie,82,4626.0,13,13,13
Google Women's Puff Jacket Black,47,4393.0,14,14,14
Google Red Speckled Tee,166,4158.0,15,15,15
Google Crewneck Sweatshirt Grey,85,3872.0,16,16,16
Google Campus Bike,116,3840.0,17,17,17
Google Navy Speckled Tee,151,3762.0,18,18,18
Google F/C Longsleeve Charcoal,144,3624.0,19,19,19
Google Sherpa Zip Hoodie Navy,63,3563.0,21,20,20
Google Incognito Techpack V2,47,3563.0,20,20,20
Google F/C Longsleeve Ash,140,3480.0,22,22,21
Google Cotopaxi Shell,81,3128.0,23,23,22
Google Dino Game Tee,89,2992.0,24,24,23
Google NYC Campus Zip Hoodie,91,2981.0,25,25,24
Google Women's Grid Zip-Up,56,2932.0,26,26,25
Google Heathered Pom Beanie,230,2832.0,27,27,26
Google Camp Mug Ivory,259,2756.0,28,28,27
Google Perk Thermal Tumbler,152,2496.0,29,29,28
Google Men's Softshell Moss,29,2431.0,30,30,29
Google Land & Sea Cotton Cap,156,2253.0,31,31,30
Google Toddler FC Zip Hoodie,77,2184.0,32,32,31
Google Crew Socks,158,2113.0,33,33,32
Google Speckled Beanie Navy,122,2100.0,34,34,33
Google Flat Front Bag Grey,84,2076.0,35,35,34
Google Women's Microfleece Jacket Black,32,2010.0,36,36,35
Google Raincoat Navy,20,1992.0,37,37,36
Google Unisex Eco Tee Black,102,1931.0,38,38,37
Google Leather Strap Hat Blue,124,1794.0,39,39,38
Google Thermal Tumbler Navy,119,1779.0,40,40,39
Google Glass Bottle,94,1773.0,41,41,40
Google Metallic Notebook Set,334,1702.0,42,42,41
Google Woodtop Bottle Black,68,1668.0,43,43,42
Noogler Android Figure,122,1656.0,44,44,43
Google Crew Combed Cotton Sock,115,1632.0,45,45,44
YouTube Icon Tee Charcoal,81,1588.0,46,46,45
Google Chrome Dinosaur Collectible,59,1488.0,47,47,46
Google Sherpa Vest Black,22,1466.0,48,48,47
Google Seaport Tote,30,1464.0,49,49,48
Google KeepCup,51,1442.0,50,50,49
Google Incognito Zip Pack,23,1418.0,51,51,50
Google Speckled Beanie Grey,86,1412.0,52,52,51
Android Pocket Tee Navy,56,1391.0,53,53,52
Google Soft Modal Scarf,36,1386.0,54,54,53
Google Packable Bag Black,82,1348.0,55,55,54
Womens Google Striped LS,82,1345.0,56,56,55
Google Camp Mug Gray,128,1340.0,57,57,56
Google Heather Green Speckled Tee,52,1255.0,58,58,57
Google Hemp Tote,95,1236.0,59,59,58
Google Large Tote White,112,1185.0,60,60,59
Google Large Standard Journal Grey,88,1159.0,61,61,60
Google Super G Tumbler (Red Lid),51,1151.0,62,62,61
Google Land & Sea French Terry Sweatshirt,25,1144.0,63,63,62
Google Clear Pen 4-Pack,367,1125.0,64,64,63
YouTube Icon Tee Grey,57,1120.0,65,65,64
YouTube Twill Sandwich Cap Black,97,1113.0,66,66,65
Google SF Campus Zip Hoodie,33,1112.0,67,67,66
Google Cork Base Tumbler,49,1098.0,68,68,67
Google Land & Sea Nalgene Water Bottle,53,1095.0,69,69,68
Google Toddler FC Tee Charcoal,53,1080.0,70,70,69
Google Knit Blanket,15,1069.0,71,71,70
Google Crew Striped Athletic Sock,75,1067.0,72,72,71
Google Blue Stojo Cup,50,1045.0,73,73,72
Google PNW Campus Zip Hoodie,31,1020.0,74,74,73
Google Laptop and Cell Phone Stickers,379,1011.0,75,75,74
#IamRemarkable Unisex Hoodie,36,969.0,76,76,75
Google Black Cork Journal,95,961.0,77,77,76
Google Bear Baby Blanket Beige,50,951.0,78,78,77
Google Incognito Dopp Kit V2,24,927.0,79,79,78
Android Pocket Onesie Navy,49,923.0,80,80,79
Google 24oz Ring Bottle Blue,160,919.0,81,81,80
Google Land & Sea Mug,63,906.0,82,82,81
Google Women's Tech Fleece Vest Charcoal,20,902.0,83,83,82
Google Sunnyvale Campus Zip Hoodie,28,896.0,84,84,83
Google Infant Charcoal Onesie,43,895.0,85,85,84
Google Utensil Set,68,891.0,86,86,85
Google Campus Bike Eco Tee Navy,43,890.0,87,87,86
YouTube Standards Zip Hoodie Black,17,888.0,89,88,87
Google Women's Tech Fleece Grey,12,888.0,88,88,87
YouTube Leather Strap Hat Black,85,885.0,90,90,88
Google Campus Bike Mini Backpack,26,872.0,91,91,89
Google Women's Softshell Moss,11,869.0,92,92,90
Google Split Seam Tee Olive,40,860.0,93,93,91
Google NYC Campus Mug,123,853.0,94,94,92
Google Incognito Laptop Organizer,17,831.0,95,95,93
Google Land & Sea Journal Set,65,816.0,96,96,94
Google Youth FC Tee Charcoal,39,810.0,97,97,95
Google Austin Campus Mug,112,805.0,98,98,96
Google Sunglasses,262,804.0,99,99,97
Google Utility Bag Grey,123,794.0,100,100,98
Google Small Standard Journal Navy,133,791.0,101,101,99
Google Campus Bike Bottle,35,788.0,102,102,100
YouTube Play Mug,72,782.0,103,103,101
Google Campus Bike Corkbase Mug Blue,54,778.0,104,104,102
Google Youth Hero Tee Grey,39,772.0,105,105,103
YouTube Crew Socks,57,766.0,106,106,104
Unisex Google Pocket Tee Grey,44,752.0,107,107,105
Google Campus Bike Grid Task Pad,71,738.0,108,108,106
Google Cup Cap Tumbler Grey,29,732.0,109,109,107
Google Seattle Campus Mug,105,730.0,110,110,108
Google Beekeepers Tee Mint,49,710.0,111,111,109
#IamRemarkable Unisex T-Shirt,70,706.0,112,112,110
Google Incognito Messenger Bag,11,690.0,113,113,111
Google Youth FC Longsleeve Charcoal,27,684.0,114,114,112
Google LA Campus Zip Hoodie,20,677.0,115,115,113
Google Mural Mug,47,675.0,116,116,114
Daddy Works at Google Book,41,672.0,117,117,115
Google Chicago Campus Zip Hoodie,20,668.0,118,118,116
Google Land & Sea Tote Bag,40,664.0,119,119,117
Google Summer19 Crew Grey,18,646.0,120,120,118
Google Magnet,101,646.0,121,120,118
Google Austin Campus Zip Hoodie,20,640.0,122,122,119
Google Campus Bike Tote Navy,70,635.0,123,123,120
Google Cambridge Campus Zip Hoodie,19,635.0,124,123,120
Google Mural Sticky Note Pad,55,631.0,125,125,121
Stan and Friends Tee Green,43,630.0,126,126,122
Google LA Campus Unisex Tee,43,622.0,127,127,123
Google Mural Socks,51,618.0,128,128,124
Google ApPeel Journal Red,40,618.0,129,128,124
#IamRemarkable Journal,84,603.0,130,130,125
White Google Shoreline Bottle,28,596.0,131,131,126
Google Tudes Recycled Tee,23,576.0,132,132,127
Android Techie 3D Framed Art,34,572.0,133,133,128
Google Keychain,86,569.0,134,134,129
Google PNW Campus Mug,79,562.0,135,135,130
Android Pocket Toddler Tee Navy,30,556.0,136,136,131
Google Infant Hero Tee Olive,38,548.0,137,137,132
Android Pocket Tee Green,22,536.0,138,138,133
Google Mural Bottle,27,529.0,139,139,134
Google Premium Sunglasses,44,522.0,140,140,135
Google Youth Badge Tee Olive,38,519.0,141,141,136
Google Toddler Tee White,26,514.0,142,142,137
Google Youth Hero Tee Maroon,25,500.0,143,143,138
Google Felt Refillable Journal,30,494.0,144,144,139
Android Buoy Bottle,109,487.0,145,145,140
Google See-No Hear-No Set,48,485.0,146,146,141
Android Iconic Notebook,35,484.0,147,147,142
Google Chicago Campus Mug,68,482.0,148,148,143
Google PNW Campus Bottle,42,469.0,149,149,144
Google Mesh Bag Red,95,461.0,150,150,145
Android Iconic Glass Bottle Green,34,460.0,151,151,146
Google Super G Tumbler (Blue Lid),20,458.0,152,152,147
Google Bot,55,450.0,153,153,148
Google Pen White,298,450.0,154,153,148
Google Boulder Campus Zip Hoodie,14,448.0,155,155,149
Google Sunnyvale Campus Mug,63,443.0,156,156,150
Android Iconic Mug Gray,30,443.0,157,156,150
Mural Food Container,13,437.0,158,158,151
#IamRemarkable Water Bottle,35,435.0,159,159,152
Google NYC Campus Bottle,38,431.0,160,160,153
Google Youth Badge Tee Navy,31,431.0,161,160,153
Google Emoji Sticker Pack,100,430.0,162,162,154
Google SF Campus Bottle,37,427.0,163,163,155
Google Cork Passport Holder,26,426.0,164,164,156
Flamingo and Friends Tee Blue,26,424.0,165,165,157
Google LA Campus Mug,58,422.0,166,166,158
Android Super Hero 3D Framed Art,26,420.0,167,167,159
Google Mountain View Campus Zip Hoodie,13,416.0,168,168,160
Google Twill Cap Charcoal,37,415.0,169,169,161
Google Bot (Multicolored),50,414.0,170,170,162
YouTube Transmission Journal Red,29,411.0,171,171,163
Google Leather Strap Hat Black,28,405.0,172,172,164
Google 16 oz Tumbler Blue,38,405.0,173,172,164
Android Iconic Backpack,20,400.0,174,174,165
Google NYC Campus Ladies Tee,28,396.0,175,175,166
YouTube 25 oz Gear Cap Bottle Black,17,394.0,176,176,167
Mommy Works at Google Book,23,384.0,177,177,168
Essential Canvas Tote,15,383.0,178,178,169
Google Kirkland Campus Unisex Tee,27,382.0,179,179,170
YouTube Jotter Task Pad,142,381.0,181,180,171
Android Garden Tee Orange,23,381.0,180,180,171
YouTube Iconic Play Pin,53,368.0,182,182,172
Google LoveHandle Black,43,360.0,184,183,173
Google Cork Card Holder,26,360.0,183,183,173
Keyboard DOT Sticker,210,355.0,185,185,174
Google Toddler Hero Tee Black,26,349.0,186,186,175
Google Infant Hero Onesie Grey,24,340.0,188,187,176
Google Mountain View Campus Ladies Tee,24,340.0,187,187,176
Android Iconic Hat White,25,336.0,189,189,177
Google Emoji Magnet Set,39,336.0,190,189,177
Android Iconic Socks,23,331.0,191,191,178
Stan and Friends Toddler Tee Green,23,330.0,192,192,179
Google Toddler Hero Tee Olive,17,323.0,193,193,180
Google SF Campus Tote,52,321.0,194,194,181
Android Pocket Youth Tee Navy,15,320.0,195,195,182
Android Iconic Hat Green,23,320.0,196,195,182
Google Cambridge Campus Mug,44,316.0,197,197,183
Stan and Friends Onesie Green,22,312.0,199,198,184
Google Beekeepers Onesie Pink,22,312.0,198,198,184
Google Kirkland Campus Mug,45,307.0,200,200,185
Supernatural Paper Tote,13,298.0,201,201,186
Android Iconic Hat Black,32,298.0,202,201,186
Android SM S/F18 Sticker Sheet,157,288.0,203,203,187
Google Boulder Campus Unisex Tee,20,284.0,205,204,188
Google Lapel Pin,42,284.0,204,204,188
Google Tee Yellow,30,280.0,206,206,189
Google Light Pen Blue,153,279.0,207,207,190
Google Austin Campus Tote,41,278.0,208,208,191
Supernatural Paper Backpack,6,276.0,209,209,192
Google Chicago Campus Bottle,24,275.0,210,210,193
Google Sunnyvale Campus Ladies Tee,19,270.0,211,211,194
Android Iconic Beanie,30,268.0,212,212,195
Google Clear Framed Yellow Shades,82,265.0,213,213,196
Google Small Cable Organizer Blue,107,261.0,214,214,197
Google Recycled Writing Set,75,259.0,215,215,198
Google Mesh Bag Blue,50,256.0,217,216,199
Stan and Friends Youth Tee Green,18,256.0,216,216,199
Google Blue Kids Sunglasses,60,255.0,218,218,200
Google Youth FC Zip Hoodie,7,252.0,219,219,201
Google Cloud Pen,100,251.0,220,220,202
Google LA Campus Ladies Tee,17,250.0,221,221,203
Supernatural Paper Lunch Sack,13,247.0,223,222,204
Google Boulder Campus Mug,34,247.0,222,222,204
Google Shoreline Water Bottle,11,246.0,224,224,205
Google Women's Discovery Lt. Rain Shell,5,245.0,225,225,206
Google 24 oz Ring Bottle Red,41,243.0,226,226,207
Google PNW Campus Unisex Tee,17,242.0,228,227,208
Google Beekeepers Toddler Tee Pink,17,242.0,227,227,208
Google Incognito Flap Pack,4,240.0,229,229,209
Youth Jumbo Print Tee White,15,237.0,231,230,210
#IamRemarkable Ladies T-Shirt,23,237.0,230,230,210
Google Light Pen Red,129,232.0,232,232,211
Google Mural Notebook,15,228.0,233,233,212
Google Medium Pet Leash (Blue/Green),8,224.0,234,234,213
Google Clear Framed Blue Shades,70,223.0,235,235,214
Google Clear Framed Gray Shades,70,222.0,236,236,215
Google Mens Microfleece Jacket Black,5,221.0,237,237,216
Android Pocket Youth Tee Green,10,220.0,238,238,217
Google SF Campus Ladies Tee,15,218.0,239,239,218
Google Color Block Notebook,21,218.0,240,239,218
Google Mini Kick Ball,127,213.0,241,241,219
Google Tee Red,23,212.0,242,242,220
Google Confetti Task Pad,33,211.0,243,243,221
Google Sustainable Pencil Pouch,25,210.0,244,244,222
Google Large Pet Leash (Red/Yellow),7,210.0,245,244,222
Google Sunnyvale Campus Unisex Tee,14,208.0,246,246,223
Android Large Removable Sticker Sheet,119,207.0,247,247,224
Google Campus Bike Carry Pouch,32,207.0,248,247,224
Google Light Pen Green,114,205.0,249,249,225
Google Laptop Sleeve Charcoal,12,204.0,250,250,226
Google Large Pet Leash (Blue/Green),7,203.0,251,251,227
Gift Card - $25.00,8,200.0,252,252,228
Google Confetti Slim Task Pad,58,197.0,253,253,229
Google Beekeepers Youth Tee Pink,14,196.0,255,254,230
Google Medium Pet Collar (Blue/Green),7,196.0,254,254,230
Google Austin Campus Bottle,17,194.0,257,256,231
Google Cork Journal,27,194.0,256,256,231
Google Chrome Dino Light Up Water Bottle,10,191.0,258,258,232
Snowflake Android Cardboard Sculpture,23,190.0,259,259,233
Android Large Trace Journal Black,27,181.0,260,260,234
Maze Pen,208,180.0,262,261,235
Google Cambridge Campus Unisex Tee,12,180.0,261,261,235
Google Mouse Pad Navy,43,177.0,263,263,236
Google Cork Pencil Pouch,26,176.0,264,264,237
Google Mural Sticker Sheet,76,176.0,265,264,237
Google Aluminum Bottle Red,26,175.0,266,266,238
Android Lumberjack Pin,40,174.0,267,267,239
Google Phone Stand Bamboo,40,169.0,268,268,240
Google Felt Luggage Tag,26,168.0,270,269,241
Google Large Pet Collar (Blue/Green),6,168.0,269,269,241
Google Confetti Accessory Pouch,16,167.0,271,271,242
Google Tee Blue,18,163.0,273,272,243
Google Maps Pin,25,163.0,272,272,243
Google Men's Discovery Lt. Rain Shell,3,160.0,274,274,244
Google Sunnyvale Campus Bottle,14,158.0,275,275,245
Google Decal,227,153.0,276,276,246
Google Women's Pride Eco-Tee Black,12,151.0,277,277,247
Gift Card - $50.00,3,150.0,278,278,248
Google Mural Tote,10,148.0,279,279,249
Google Tee Green,16,146.0,280,280,250
Google Chicago Campus Unisex Tee,10,144.0,281,281,251
Google Women's Black Tee,10,142.0,283,282,252
Google Recycled Pen Black,77,142.0,282,282,252
Google Medium Pet Collar (Red/Yellow),5,140.0,284,284,253
Google Totepak,7,138.0,285,285,254
Google Red Kids Sunglasses,33,137.0,287,286,255
Google Felt Strap Keyring,13,137.0,286,286,255
Android Small Trace Journal Black,25,135.0,289,288,256
Google Tee Grey,15,135.0,290,288,256
Google Cork Key Ring,19,135.0,288,288,256
Google SF Campus Unisex Tee,9,134.0,291,291,257
Stainless Straight Straw/Cleaner,44,130.0,292,292,258
Google Austin Campus Ladies Tee,9,126.0,293,293,259
Google NYC Campus Unisex Tee,9,126.0,295,293,259
Google Chicago Campus Ladies Tee,9,126.0,294,293,259
Google Pen Citron,121,126.0,296,293,259
Google Kirkland Campus Ladies Tee,9,126.0,297,293,259
Google Land & Sea Tech Taco,38,125.0,299,298,260
Google Large White Gift Bag 5/PK,12,125.0,298,298,260
Google Land & Sea Women's Eco Tee,6,120.0,300,300,261
Google Large Pet Collar (Red/Yellow),4,119.0,301,301,262
Google Boulder Campus Ladies Tee,8,116.0,302,302,263
Google LA Campus Bottle,10,113.0,303,303,264
YouTube Small Sticker Sheet,44,112.0,304,304,265
Android Iconic Sticker Sheet,42,107.0,305,305,266
Google Pen Bright Blue,70,106.0,306,306,267
Android Puzzlebot v2,7,106.0,307,306,267
Google Recycled Notebook Set Natural,9,105.0,308,308,268
Google Mountain View Campus Unisex Tee,7,102.0,309,309,269
Gift Card- $100.00,1,100.0,311,310,270
Google LA Campus Tote,16,100.0,310,310,270
Google Youth F/C Pullover Hoodie,3,96.0,312,312,271
Google PNW Campus Ladies Tee,6,92.0,313,313,272
Google Tee Mint Green,6,92.0,315,313,272
Google Cambridge Campus Ladies Tee,6,92.0,314,313,272
Google Pen Red,63,89.0,317,316,273
Google Red YoYo,28,89.0,316,316,273
Android Hipster Pin,18,89.0,318,316,273
Google Blue YoYo,25,88.0,319,319,274
#IamRemarkable Lapel Pin,36,86.0,320,320,275
Google Pen Lilac,56,85.0,321,321,276
Google Tonal Tee Coral,9,85.0,322,321,276
Google Austin Campus Unisex Tee,6,84.0,323,323,277
Android Iconic Pen,55,84.0,324,323,277
Google Pride Sticker,119,84.0,325,323,277
Google Tee F/C Black,6,82.0,327,326,278
#IamRemarkable Pen,5,82.0,328,326,278
Google Seattle Campus Sticker,75,82.0,326,326,278
Google Pen Neon Coral,50,82.0,329,326,278
Google Striped Penny Pouch,35,81.0,330,330,279
Google Jotter Task Pad,27,80.0,332,331,280
Google NYC Campus Lapel Pin,25,80.0,331,331,280
Google Cork Tablet Case,4,76.0,334,333,281
Google NYC Campus Sticker,73,76.0,336,333,281
Google LA Campus Sticker,72,76.0,335,333,281
Google Pen Grey,51,76.0,333,333,281
Android Geek Pin,15,71.0,338,337,282
Google Chicago Campus Tote,11,71.0,337,337,282
Google Women's Kirkland Pullover,2,70.0,340,339,283
Google Seattle Campus Ladies Tee,5,70.0,339,339,283
Google Tech Taco,20,65.0,341,341,284
Google Small White Gift Bag 5/PK,10,65.0,342,341,284
Android Iconic Pin,18,63.0,343,343,285
Google Yellow YoYo,20,62.0,344,344,286
Google Cloth & Pouch Black,18,60.0,345,345,287
Google PNW Campus Tote,9,59.0,346,346,288
BLM Unisex Pullover Hoodie,1,58.0,347,347,289
Google Medium Pet Leash (Red/Yellow),2,56.0,348,348,290
Google Cambridge Campus Bottle,5,55.0,351,349,291
Google Boulder Campus Bottle,5,55.0,350,349,291
Google Pen Grass Green,36,55.0,349,349,291
Android Iconic 4&quot; Decal,40,50.0,352,352,292
Google Confetti Pen White,31,48.0,353,353,293
YouTube Women's Favorite Tee White,5,47.0,354,354,294
Stainless Bent Straw/Cleaner,22,46.0,356,355,295
Google Boulder Campus Sticker,44,46.0,355,355,295
Google SF Campus Lapel Pin,13,44.0,358,357,296
Google Cambridge Campus Sticker,42,44.0,357,357,296
Google Seattle Campus Unisex Tee,3,42.0,359,359,297
Google Recycled Pen Green,25,42.0,360,359,297
Google Austin Campus Lapel Pin,12,39.0,361,361,298
#IamRemarkable Tote,6,38.0,362,362,299
Google Frisbee,29,36.0,365,363,300
Android Jotter Task Pad,16,36.0,364,363,300
Google LA Campus Lapel Pin,11,36.0,363,363,300
Google Women's Eco Tee Black,2,35.0,366,366,301
Google Bottle Cleaner,4,32.0,367,367,302
Google Tudes Thermal Bottle,1,32.0,368,367,302
Google Sunnyvale Campus Sticker,28,31.0,369,369,303
Google Sunnyvale Campus Tote,5,30.0,371,370,304
Google Cambridge Campus Tote,5,30.0,370,370,304
Google Mountain View Campus Sticker,25,29.0,372,372,305
Google Chicago Campus Lapel Pin,8,25.0,373,373,306
Google Boulder Campus Tote,4,24.0,375,374,307
Google Kirkland Campus Sticker,22,24.0,378,374,307
Unisex Google Jumbo Print Tee White,2,24.0,377,374,307
Android Iconic Bottle Black,1,24.0,374,374,307
Google PNW Campus Sticker,23,24.0,376,374,307
Google Seattle Campus Lapel Pin,7,23.0,379,379,308
Google PNW Campus Lapel Pin,7,21.0,380,380,309
Google Bellevue Campus Sticker,19,20.0,381,381,310
Google Tonal Tee Spearmint,2,18.0,382,382,311
Google Boulder Campus Lapel Pin,5,17.0,383,383,312
Google Cambridge Campus Lapel Pin,5,15.0,384,384,313
Google Women's Ringer Tee,1,14.0,386,385,314
Google Mountain View Tee Red,1,14.0,385,385,314
Android Flex Journal White,3,6.0,387,387,315
Google Kirkland Campus Lapel Pin,2,6.0,388,387,315
Google Separating Keyring,1,6.0,389,387,315
Google Light Pen Yellow,1,2.0,390,390,316